<?xml version="1.0" encoding="utf-8"?>
<!DOCTYPE hibernate-mapping PUBLIC "-//Hibernate/Hibernate Mapping DTD 3.0//EN" "http://hibernate.sourceforge.net/hibernate-mapping-3.0.dtd"[]>
<hibernate-mapping default-cascade="none" default-access="property" default-lazy="true" auto-import="true">
  <class name="com.citigroup.cgti.c3par.acl.domain.ACLVariance" table="acl_variance" mutable="true" polymorphism="implicit" dynamic-update="false" dynamic-insert="false" select-before-update="false" optimistic-lock="version">
    <meta attribute="class-description" inherit="true">
            A Simple Generic Lookup business object.
     </meta>
    <id name="id" type="long" unsaved-value="-1">
      <column name="ID" sql-type="number" not-null="true" />
      	<generator class="sequence"> 
			<param name="sequence">seq_acl_variance</param> 
		</generator>
    </id>  
	<property name="acl_name" type="java.lang.String" unique="false" optimistic-lock="true" lazy="false" generated="never">
      <column name="acl_name" sql-type="varchar2(250)" not-null="false" />
    </property>
	<property name="acl_device_routers" type="java.lang.String" unique="false" optimistic-lock="true" lazy="false" generated="never">
      <column name="acl_device_routers" sql-type="varchar2(2000)" not-null="false" /> 
    </property>  
    <property name="acl_justification" type="java.lang.String" unique="false" optimistic-lock="true" lazy="false" generated="never">
      <column name="acl_justification" sql-type="varchar2(2000)" not-null="false" /> 
    </property>  
	<property name="created_date" type="java.util.Date" unique="false" optimistic-lock="true" lazy="false" generated="never">
      <column name="CREATED_DATE" sql-type="DATE" not-null="false" />
    </property>
	 <property name="updated_date" type="java.util.Date" unique="false" optimistic-lock="true" lazy="false" generated="never">
      <column name="UPDATED_DATE" sql-type="DATE" not-null="false" />
    </property>
    <many-to-one name="tiProcess" class="com.citigroup.cgti.c3par.domain.TIProcess" column="PROCESS_ID" unique="true" lazy="false" cascade="none"/>
   <many-to-one name="tiRequest" class="com.citigroup.cgti.c3par.domain.TIRequest" column="TI_REQUEST_ID" unique="true" lazy="false" cascade="none"/>
</class>
</hibernate-mapping>