<?xml version="1.0" encoding="utf-8"?>
<!DOCTYPE hibernate-mapping PUBLIC "-//Hibernate/Hibernate Mapping DTD 3.0//EN" "http://hibernate.sourceforge.net/hibernate-mapping-3.0.dtd"[]>
<hibernate-mapping default-cascade="none" default-access="property" default-lazy="true" auto-import="false">
  <class name="com.citigroup.cgti.c3par.common.domain.Application" table="TI_APPLICATION" mutable="true" polymorphism="implicit" dynamic-update="false" dynamic-insert="false" select-before-update="false" optimistic-lock="version">
    <meta attribute="class-description" inherit="true">
            A Simple Application business object.
            @author Nachimuthu</meta>
    <id name="id" type="long" unsaved-value="-1">
      <column name="ID" sql-type="number" not-null="true" />
      	<generator class="sequence">
			<param name="sequence">SEQ_TI_APPLICATION</param>
		</generator>
    </id>
    <property name="applicationID" type="java.lang.Long" unique="false" optimistic-lock="true" lazy="false" generated="never">
      <column name="APPLICATION_ID" sql-type="number" not-null="false" default="'N'" />
    </property>
    <property name="applicationName" type="java.lang.String" unique="false" optimistic-lock="true" lazy="false" generated="never">
      <column name="APPLICATION_NAME" sql-type="varchar2(100)" not-null="false" />
    </property>
	<property name="appOwnerFullName" type="java.lang.String" unique="false" optimistic-lock="true" lazy="false" generated="never">
      <column name="APP_OWNER_FULL_NAME" sql-type="varchar2(100)" not-null="false" />
    </property>
	<property name="appOwnerGEID" type="java.lang.String" unique="false" optimistic-lock="true" lazy="false" generated="never">
      <column name="APP_OWNER_GEID" sql-type="varchar2(150)" not-null="false" default="'N'" />
    </property>
    <property name="appOwnerEmail" type="java.lang.String" unique="false" optimistic-lock="true" lazy="false" generated="never">
      <column name="APP_OWNER_EMAIL" sql-type="varchar2(150)" not-null="false" />
    </property>
    <property name="isBlackListed" type="java.lang.String" unique="false" optimistic-lock="true" lazy="false" generated="never">
      <column name="IS_BLACKLISTED" sql-type="varchar2(1)" not-null="false" />
    </property>
    <property name="isCSI" type="java.lang.String" unique="false" optimistic-lock="true" lazy="false" generated="never">
      <column name="IS_CSI" sql-type="varchar2(1)" not-null="false" />
    </property>
	<property name="exeFileName" type="java.lang.String" unique="false" optimistic-lock="true" lazy="false" generated="never">
      <column name="EXE_FILENAME" sql-type="varchar2(100)" not-null="false" />
    </property>
    <property name="networkPath" type="java.lang.String" unique="false" optimistic-lock="true" lazy="false" generated="never">
      <column name="NETWORK_PATH" sql-type="varchar2(500)" not-null="false" />
    </property>
    <property name="function" type="java.lang.String" unique="false" optimistic-lock="true" lazy="false" generated="never">
      <column name="APPLICAITON_DESC" sql-type="varchar2(500)" not-null="false" />
    </property>
    <property name="isDevice" type="java.lang.String" unique="false" optimistic-lock="true" lazy="false" generated="never">
      <column name="IS_DEVICE"  not-null="false" />
    </property>
    <property name="deviceModel" type="java.lang.String" unique="false" optimistic-lock="true" lazy="false" generated="never">
      <column name="DEVICE_MODEL" not-null="false" />
    </property>
    <property name="deviceOtherText" type="java.lang.String" unique="false" optimistic-lock="true" lazy="false" generated="never">
      <column name="DEVICE_OTHER_TEXT" not-null="false" />
    </property>
    <property name="deviceTypeId" type="java.lang.Long" unique="false" optimistic-lock="true" lazy="false" generated="never">
      <column name="DEVICE_TYPE_ID" not-null="false" />
    </property>
    <property name="appManagerFullName" type="java.lang.String" unique="false" optimistic-lock="true" lazy="false" generated="never">
      <column name="APP_MGR_FULL_NAME" sql-type="varchar2(100)" not-null="false" />
    </property>
	<property name="appManagerGEID" type="java.lang.String" unique="false" optimistic-lock="true" lazy="false" generated="never">
      <column name="APP_MGR_GEID" sql-type="varchar2(150)" not-null="false" />
    </property>
    <property name="appManagerEmail" type="java.lang.String" unique="false" optimistic-lock="true" lazy="false" generated="never">
      <column name="APP_MGR_EMAIL" sql-type="varchar2(150)" not-null="false" />
    </property>
	<property name="vaFlag" type="java.lang.String" unique="false" optimistic-lock="true" lazy="false" generated="never">
      <column name="VA_FLAG" not-null="false" />
    </property>
    <property name="vaNumber" type="java.lang.String" unique="false" optimistic-lock="true" lazy="false" generated="never">
      <column name="VA_NUMBER" not-null="false" />
    </property>
    <property name="vaSchDate" type="java.util.Date" unique="false" optimistic-lock="true" lazy="false" generated="never">
      <column name="VA_SCH_DATE" not-null="false" />
    </property>
    <property name="vaComments" type="java.lang.String" unique="false" optimistic-lock="true" lazy="false" generated="never">
      <column name="VA_COMMENTS" not-null="false" />
    </property>
    
    <property name="secClassification" type="java.lang.String" unique="false" optimistic-lock="true" lazy="false" generated="never">
      <column name="SEC_CLASSIFICATION" sql-type="varchar2(150)" not-null="false" />
    </property>
	<property name="perDataIndicator" type="java.lang.String" unique="false" optimistic-lock="true" lazy="false" generated="never">
      <column name="PER_DATA_INDICATOR" not-null="false" />
    </property>
    <property name="isDecommissioned" type="java.lang.String" unique="false" optimistic-lock="true" lazy="false" generated="never">
      <column name="IS_DECOMMISSIONED" sql-type="varchar2(1)" not-null="false" />
    </property>
</class>
</hibernate-mapping>