<?xml version="1.0" encoding="utf-8"?>
<!DOCTYPE hibernate-mapping PUBLIC "-//Hibernate/Hibernate Mapping DTD 3.0//EN" "http://hibernate.sourceforge.net/hibernate-mapping-3.0.dtd"[]>
<hibernate-mapping default-cascade="none" default-access="property" default-lazy="true" auto-import="true">
  <class name="com.citigroup.cgti.c3par.appsense.domain.AppsenseAAFCombination" table="APS_IMPL_HISTORY" mutable="true" polymorphism="implicit" dynamic-update="false" dynamic-insert="false" select-before-update="false" optimistic-lock="version">
    <meta attribute="class-description" inherit="true">
         A Simple Generic Lookup business object. 
    </meta>
    <id name="id" type="long" unsaved-value="-1">
      <column name="ID" sql-type="number" not-null="true" />
      	<generator class="sequence"> 
			<param name="sequence">seq_aps_impl_history</param> 
		</generator>
    </id>
     
    <property name="processId" type="long" unique="false" optimistic-lock="true" lazy="false" generated="never">
     <column name="PROCESS_ID" sql-type="number" not-null="false"/>
    </property>
        
 	<property name="tiRequestId" type="long" unique="false" optimistic-lock="true" lazy="false" generated="never">
      <column name="TI_REQUEST_ID" sql-type="number" not-null="true" />
    </property> 
    
    <property name="versionId" type="long" unique="false" optimistic-lock="true" lazy="false" generated="never">
      <column name="VERSION_ID" sql-type="number" not-null="true" />
    </property> 
    
    <property name="combinationType" type="long" unique="false" optimistic-lock="true" lazy="false" generated="never">
      <column name="COMB_TYPE_ID" sql-type="number" not-null="true" />
    </property> 
    
    <property name="fafType" type="long" unique="false" optimistic-lock="true" lazy="false" generated="never">
      <column name="FAF_TYPE" sql-type="number" not-null="true" />
    </property>
    
   <many-to-one name="apsApplication" class="com.citigroup.cgti.c3par.domain.Application"  column="APPLICATION_ID" unique="true" lazy="false" fetch="join" cascade="all"/>
   
   <many-to-one name="apsPortMaster" class="com.citigroup.cgti.c3par.appsense.domain.AppsensePortMaster"  column="APS_PORT_MASTER_ID" unique="true" lazy="false" fetch="join" cascade="none"/>
   
   <many-to-one name="citiContact" class="com.citigroup.cgti.c3par.businessjustification.domain.CitiContact"  column="CITI_CONTACT_ID" unique="true" lazy="false" fetch="join" cascade="none"/>
   
   <property name="devAccess" type="java.lang.String" unique="false" optimistic-lock="true" lazy="false" generated="never">
      <column name="DEV_ACCESS" sql-type="varchar2(1)" not-null="false" />
    </property>
    
    <property name="prdAccess" type="java.lang.String" unique="false" optimistic-lock="true" lazy="false" generated="never">
      <column name="PRD_ACCESS" sql-type="varchar2(1)" not-null="false" />
    </property>
    
   <property name="crossEnvironmentAccess" type="java.lang.String" unique="false" optimistic-lock="true" lazy="false" generated="never">
      <column name="CROSS_ENV_ACCESS" sql-type="varchar2(1)" not-null="false" />
    </property>
	<property name="localFolderAccess" type="java.lang.String" unique="false" optimistic-lock="true" lazy="false" generated="never">
      <column name="LOCAL_FOLDER_ACCESS" sql-type="varchar2(1)" not-null="false" />
    </property>
	<property name="created_date" type="java.util.Date" unique="false" optimistic-lock="true" lazy="false" generated="never">
      <column name="CREATED_DATE" sql-type="DATE" not-null="false" />
    </property>
    
	 <property name="updated_date" type="java.util.Date" unique="false" optimistic-lock="true" lazy="false" generated="never">
      <column name="UPDATED_DATE" sql-type="DATE" not-null="false" />
    </property>    
    <many-to-one name="appsenseADGroup" class="com.citigroup.cgti.c3par.appsense.domain.AppsenseADGroup" column="aps_ad_group_id" unique="true" lazy="false" fetch="join" cascade="save-update"/>
</class>
</hibernate-mapping>