<?xml version="1.0" encoding="utf-8"?>
<!DOCTYPE hibernate-mapping PUBLIC "-//Hibernate/Hibernate Mapping DTD 3.0//EN" "http://hibernate.sourceforge.net/hibernate-mapping-3.0.dtd"[]>
<hibernate-mapping default-cascade="none" default-access="property" default-lazy="true" auto-import="true">
  <class name="com.citigroup.cgti.c3par.appsense.domain.AppsenseUser" table="APS_APPSENSE_POLICY" mutable="true" polymorphism="implicit" dynamic-update="false" dynamic-insert="false" select-before-update="false" optimistic-lock="version">
    <meta attribute="class-description" inherit="true">
            A Simple Generic Lookup business object.
            @author Sudeep Subhedar</meta>
    <id name="id" type="long" unsaved-value="-1">
      <column name="ID" sql-type="number" not-null="true" />
      	<generator class="sequence"> 
			<param name="sequence">SEQ_APS_APPSENSE_POLICY</param> 
		</generator>
    </id>
   <many-to-one name="tiProcess" class="com.citigroup.cgti.c3par.domain.TIProcess" column="PROCESS_ID" unique="true" lazy="false" cascade="none"/>
   <many-to-one name="tiRequest" class="com.citigroup.cgti.c3par.domain.TIRequest" column="TI_REQUEST_ID" unique="true" lazy="false" cascade="none"/>
   <many-to-one name="citiContact" class="com.citigroup.cgti.c3par.businessjustification.domain.CitiContact" column="CITI_CONTACT_ID" unique="true" lazy="false" cascade="none"/>
	<property name="recordType" type="java.lang.String" unique="false" optimistic-lock="true" lazy="false" generated="never">
      <column name="RECORD_TYPE" sql-type="varchar2(1)" not-null="false" />
    </property>
	<property name="devAccess" type="java.lang.String" unique="false" optimistic-lock="true" lazy="false" generated="never">
      <column name="DEV_ACCESS" sql-type="varchar2(1)" not-null="false" />
    </property>
	<property name="prdAccess" type="java.lang.String" unique="false" optimistic-lock="true" lazy="false" generated="never">
      <column name="PRD_ACCESS" sql-type="varchar2(1)" not-null="false" />
    </property>
    <property name="crossEnvironmentAccess" type="java.lang.String" unique="false" optimistic-lock="true" lazy="false" generated="never">
      <column name="CROSS_ENV_ACCESS" sql-type="varchar2(1)" not-null="false" />
    </property>
	<property name="localFolderAccess" type="java.lang.String" unique="false" optimistic-lock="true" lazy="false" generated="never">
      <column name="LOCAL_FOLDER_ACCESS" sql-type="varchar2(1)" not-null="false" />
    </property>
	<property name="created_date" type="java.util.Date" unique="false" optimistic-lock="true" lazy="false" generated="never">
      <column name="CREATED_DATE" sql-type="DATE" not-null="false" />
    </property>
	 <property name="updated_date" type="java.util.Date" unique="false" optimistic-lock="true" lazy="false" generated="never">
      <column name="UPDATED_DATE" sql-type="DATE" not-null="false" />
    </property>
    <many-to-one name="appsenseADGroup" class="com.citigroup.cgti.c3par.appsense.domain.AppsenseADGroup" column="aps_ad_group_id" unique="true" lazy="false" cascade="save-update"/>    
    
</class>
</hibernate-mapping>