<?xml version="1.0" encoding="utf-8"?>
<!DOCTYPE hibernate-mapping PUBLIC "-//Hibernate/Hibernate Mapping DTD 3.0//EN" "http://hibernate.sourceforge.net/hibernate-mapping-3.0.dtd"[]>
<hibernate-mapping default-cascade="none" default-access="property" default-lazy="true" auto-import="true">
  <class name="com.citigroup.cgti.c3par.appsense.domain.AppsenseADGroup" table="ti_ad_group_name" mutable="true" polymorphism="implicit" dynamic-update="false" dynamic-insert="false" select-before-update="false" optimistic-lock="version">
    <meta attribute="class-description" inherit="true">
            A Simple Generic Lookup business object.
            @author Sudeep Subhedar</meta>
    <id name="id" type="long" unsaved-value="-1">
      <column name="ID" sql-type="number" not-null="true" />
      	<generator class="sequence"> 
			<param name="sequence">SEQ_APS_APPSENSE_AD_GROUP_NAME</param> 
		</generator>
    </id>  
	<property name="name" type="java.lang.String" unique="false" optimistic-lock="true" lazy="false" generated="never">
      <column name="name" sql-type="varchar2(500)" not-null="false" />
    </property>
    <property name="policyID" type="java.lang.String" unique="false" optimistic-lock="true" lazy="false" generated="never">
      <column name="POLICY_ID" sql-type="varchar2(150)" not-null="false" />
    </property>    
	<property name="policyName" type="java.lang.String" unique="false" optimistic-lock="true" lazy="false" generated="never">
      <column name="POLICY_NAME" sql-type="varchar2(150)" not-null="false" />
    </property>
	<property name="isNew" type="java.lang.String" unique="false" optimistic-lock="true" lazy="false" generated="never">
      <column name="isnew" sql-type="varchar2(2)" not-null="false" /> 
    </property>  
	<property name="created_date" type="java.util.Date" unique="false" optimistic-lock="true" lazy="false" generated="never">
      <column name="CREATED_DATE" sql-type="DATE" not-null="false" />
    </property>
	 <property name="updated_date" type="java.util.Date" unique="false" optimistic-lock="true" lazy="false" generated="never">
      <column name="UPDATED_DATE" sql-type="DATE" not-null="false" />
    </property>
</class>
</hibernate-mapping>