<?xml version="1.0"?>
<!DOCTYPE hibernate-mapping PUBLIC "-//Hibernate/Hibernate Mapping DTD 3.0//EN"
"http://hibernate.sourceforge.net/hibernate-mapping-3.0.dtd">
<hibernate-mapping>
	<class name="com.citigroup.cgti.c3par.appsense.domain.AppsenseOstiaQuestion"
		table="CON_OSTIA_ANSWER">
		
	    <id name="id" type="long" unsaved-value="-1">
	      <column name="ID" sql-type="number" not-null="true" />
	      	<generator class="sequence"> 
				<param name="sequence">SEQ_CON_OSTIA_ANSWER</param> 
			</generator>
	    </id>
	    
	    <property name="questionID" type="java.lang.Long" unique="false" optimistic-lock="true" lazy="false" generated="never">
	      	<column name="OSTIA_QUESTION_ID" sql-type="varchar2(100)" not-null="false" />
	    </property>
	    
	    <property name="answerDesc" type="java.lang.String" unique="false" optimistic-lock="true" lazy="false" generated="never">
	      	<column name="ANSWER" sql-type="varchar2(3000)" not-null="false" />
	    </property>
	    
		<many-to-one name="conOstiagroup"
			class="com.citigroup.cgti.c3par.appsense.domain.ConnectionOstiaGroup">
			<column name="OSTIA_GROUP_ID" />
		</many-to-one>
			
	    <property name="created_date" type="java.util.Date" unique="false" optimistic-lock="true" lazy="false" generated="never">
	      	<column name="CREATED_DATE" sql-type="DATE" not-null="false" />
	    </property>
	    
		<property name="updated_date" type="java.util.Date" unique="false" optimistic-lock="true" lazy="false" generated="never">
	      	<column name="UPDATED_DATE" sql-type="DATE" not-null="false" />
	    </property>
	    
	</class>
</hibernate-mapping>