<?xml version="1.0" encoding="utf-8"?>
<!DOCTYPE hibernate-mapping PUBLIC "-//Hibernate/Hibernate Mapping DTD 3.0//EN" "http://hibernate.sourceforge.net/hibernate-mapping-3.0.dtd"[]>
<hibernate-mapping default-cascade="none" default-access="property" default-lazy="true" auto-import="true">
  <class name="com.citigroup.cgti.c3par.appsense.domain.AppsensePortMaster" table="APS_PORT_MASTER" mutable="true" polymorphism="implicit" dynamic-update="false" dynamic-insert="false" select-before-update="false" optimistic-lock="version">
    <meta attribute="class-description" inherit="true">
            A Simple Generic Lookup business object.
            @author Sudeep Subhedar</meta>
    <id name="id" type="long" unsaved-value="-1">
      <column name="ID" sql-type="number" not-null="true" />
      	<generator class="sequence"> 
			<param name="sequence">SEQ_APS_PORT_MASTER</param> 
		</generator>
    </id>
   <many-to-one name="portLookUp" class="com.citigroup.cgti.c3par.fw.domain.Port" column="PORT_LOOKUP_ID" unique="true" lazy="false"  cascade="none"/>
   <many-to-one name="connectionIPMaster" class="com.citigroup.cgti.c3par.appsense.domain.ConnectionIPMaster" column="IP_ID" unique="true" lazy="false" cascade="none"/>
   <many-to-one name="conOstiaGroup" class="com.citigroup.cgti.c3par.appsense.domain.ConnectionOstiaGroup" column="OSTIA_GROUP_ID" unique="true" lazy="false" cascade="none"/>
	<property name="created_date" type="java.util.Date" unique="false" optimistic-lock="true" lazy="false" generated="never">
      <column name="CREATED_DATE" sql-type="DATE" not-null="false" />
    </property>
	 <property name="updated_date" type="java.util.Date" unique="false" optimistic-lock="true" lazy="false" generated="never">
      <column name="UPDATED_DATE" sql-type="DATE" not-null="false" />
    </property>
</class>
</hibernate-mapping>