<?xml version="1.0"?>
<!DOCTYPE hibernate-mapping PUBLIC "-//Hibernate/Hibernate Mapping DTD 3.0//EN"
"http://hibernate.sourceforge.net/hibernate-mapping-3.0.dtd">
<hibernate-mapping>

	<class name="com.citigroup.cgti.c3par.common.domain.AuditObjectType"
		table="AUDIT_OBJECT_TYPE" batch-size="5">
		<id name="id" type="java.lang.Long">
			<column name="ID" sql-type="number" not-null="true" />
			<generator class="sequence">
				<param name="sequence">SEQ_AUDIT_OBJECT_TYPE</param>
			</generator>
		</id>
		
		<property name="objectName" type="java.lang.String">
			<column name="OBJECT_NAME" sql-type="VARCHAR2(255)"/>
		</property>
		<property name="objectNameHistory" type="java.lang.String">
			<column name="OBJECT_NAME_HISTORY" sql-type="VARCHAR2(255)"/>
		</property>
        <property name="displayName" type="java.lang.String">
			<column name="DISPLAY_NAME" sql-type="VARCHAR2(255)"/>
		</property>
		
	</class>
		
</hibernate-mapping>
