<?xml version="1.0"?>
<!DOCTYPE hibernate-mapping PUBLIC "-//Hibernate/Hibernate Mapping DTD 3.0//EN"
"http://hibernate.sourceforge.net/hibernate-mapping-3.0.dtd">
<hibernate-mapping>

	<class name="com.citigroup.cgti.c3par.common.domain.AuditLog"
		table="AUDIT_LOG" batch-size="5">
		<id name="id" type="java.lang.Long">
			<column name="ID" sql-type="number" not-null="true" />
			<generator class="sequence">
				<param name="sequence">SEQ_AUDIT_LOG</param>
			</generator>
		</id>
		
		<many-to-one name="oldAuditObjectType" lazy="false"
			class="com.citigroup.cgti.c3par.common.domain.AuditObjectType" column="OLD_REFERENCE_ID"
			cascade="none" />
			
		<many-to-one name="newAuditObjectType" lazy="false"
			class="com.citigroup.cgti.c3par.common.domain.AuditObjectType" column="NEW_REFERENCE_ID"
			cascade="none" />
		
		<many-to-one name="tiRequest" lazy="false"
			class="com.citigroup.cgti.c3par.domain.TIRequest" column="TI_REQUEST_ID"
			cascade="none" />
		
		<property name="soeID" type="java.lang.String">
			<column name="USER_SOE_ID" sql-type="VARCHAR2(25)"/>
		</property>
			
		<property name="action" type="java.lang.String">
			<column name="ACTION" sql-type="VARCHAR2(50)"/>
		</property>
		<property name="oldValue" type="java.lang.String">
			<column name="OLD_VALUE" sql-type="VARCHAR2(255)"/>
		</property>
		<property name="newValue" type="java.lang.String">
			<column name="NEW_VALUE" sql-type="VARCHAR2(255)"/>
		</property>
		
		<property name="oldDisplayValue" type="java.lang.String">
			<column name="OLD_DISPLAY_VALUE" sql-type="VARCHAR2(255)"/>
		</property>
		<property name="newDisplayValue" type="java.lang.String">
			<column name="NEW_DISPLAY_VALUE" sql-type="VARCHAR2(255)"/>
		</property>
		<property name="objectName" type="java.lang.String">
			<column name="OBJECT_NAME" sql-type="VARCHAR2(255)"/>
		</property>
		<property name="objectAttribute" type="java.lang.String">
			<column name="OBJECT_ATTRIBUTE" sql-type="VARCHAR2(255)"/>
		</property>
        <property name="isReference" type="java.lang.String">
			<column name="IS_REFERENCE" sql-type="CHAR(1)"/>
		</property>
		
		<property name="created_date" type="java.util.Date" unique="false"
			optimistic-lock="true" lazy="false" generated="never" update="false">
			<column name="CREATED_DATE" sql-type="DATE"/>
		</property>
		
		</class>
</hibernate-mapping>
