<?xml version="1.0"?>
<!DOCTYPE hibernate-mapping PUBLIC "-//Hibernate/Hibernate Mapping DTD 3.0//EN"
"http://hibernate.sourceforge.net/hibernate-mapping-3.0.dtd">
<hibernate-mapping>
	<class name="com.citigroup.cgti.c3par.relationship.domain.BusinessUnit"
		table="BUSINESS_UNIT" batch-size="5">
		
		<id name="id" column="ID">
			<generator class="sequence">
				<param name="sequence">SEQ_BUSINESS_UNITS</param>
			</generator>
		</id>		
		<property name="businessName" type="java.lang.String">
	      	<column name="BUSINESS_NAME" not-null="false" />
	    </property>
		<property name="costCenter" type="java.lang.String">
	      	<column name="COST_CENTER" not-null="false" />
	    </property>
		<property name="description" type="java.lang.String">
	      	<column name="DESCRIPTION" not-null="false" />
	    </property>
		<property name="isactive" type="java.lang.String">
	      	<column name="IS_ACTIVE" not-null="false" />
	    </property>
	    
		<many-to-one name="sector" lazy="false"
			class="com.citigroup.cgti.c3par.relationship.domain.Sector" column="SECTOR_ID" cascade="none" />		
	</class>
	
</hibernate-mapping>
