<?xml version="1.0"?>
<!DOCTYPE hibernate-mapping PUBLIC "-//Hibernate/Hibernate Mapping DTD 3.0//EN"
"http://hibernate.sourceforge.net/hibernate-mapping-3.0.dtd">
<hibernate-mapping>
	<class name="com.citigroup.cgti.c3par.user.domain.C3parUserHierarchyXref"
		table="USER_CITI_HIERARCHY_XREF" batch-size="5">
		<id name="id" type="java.lang.Long">
			<column name="ID" sql-type="number" not-null="true" />
			<generator class="sequence">
				<param name="sequence">SEQ_USER_CITI_HIERARCHY_XREF</param>
			</generator>
		</id>
		<property name="userId" type="java.lang.Long" insert="false" update="false">
			<column name="USER_ID" sql-type="number"/>
		</property>
		<property name="hierarchyMasterId" type="java.lang.Long" insert="false" update="false">
			<column name="CITI_HIERARCHY_MASTER_ID" sql-type="number"/>
		</property>
		<many-to-one name="c3parUser" lazy="false"
			class="com.citigroup.cgti.c3par.user.domain.C3parUser" column="USER_ID"/>
		<many-to-one name="CitiHierarchyMaster" lazy="false"
			class="com.citigroup.cgti.c3par.relationship.domain.CitiHierarchyMaster" column="CITI_HIERARCHY_MASTER_ID" cascade="save-update" />
		<property name="permission" type="java.lang.String">
	      	<column name="PERMISSIONS" not-null="false" />
	    </property>
	    <property name="inactive" type="java.lang.String">
	      	<column name="INACTIVE" not-null="false" />
	    </property>	
	</class>
		
</hibernate-mapping>
