<?xml version="1.0"?>
<!DOCTYPE hibernate-mapping PUBLIC "-//Hibernate/Hibernate Mapping DTD 3.0//EN"
"http://hibernate.sourceforge.net/hibernate-mapping-3.0.dtd">
<hibernate-mapping>
	<class name="com.citigroup.cgti.c3par.user.domain.C3parUserRoleXref"
		table="C3PAR_USER_ROLE_XREF" batch-size="5">
		<id name="id" type="java.lang.Long">
			<column name="ID" sql-type="number" not-null="true" />
			<generator class="sequence">
				<param name="sequence">SEQ_C3PAR_USER_ROLE_XREF</param>
			</generator>
		</id>
		<property name="userId" type="java.lang.Long" insert="false" update="false">
			<column name="USER_ID" sql-type="number"/>
		</property>
		<property name="roleId" type="java.lang.Long" insert="false" update="false">
			<column name="ROLE_ID" sql-type="number"/>
		</property>
		<many-to-one name="c3parUser" lazy="false"
			class="com.citigroup.cgti.c3par.user.domain.C3parUser" column="USER_ID"/>
		<many-to-one name="securityRole" lazy="false"
			class="com.citigroup.cgti.c3par.user.domain.SecurityRole" column="ROLE_ID" cascade="none" />	
	</class>
		
</hibernate-mapping>
