<?xml version="1.0"?>
<!DOCTYPE hibernate-mapping PUBLIC "-//Hibernate/Hibernate Mapping DTD 3.0//EN"
"http://hibernate.sourceforge.net/hibernate-mapping-3.0.dtd">
<hibernate-mapping>
	<class name="com.citigroup.cgti.c3par.user.domain.C3parUsrRelXref"
		table="C3PAR_USR_REL_XREF" batch-size="5">
		
		<id name="id" type="java.lang.Long">
			<column name="ID" sql-type="number" not-null="true" />
		</id>
		<property name="entitiyName" type="java.lang.String">
	      	<column name="ENTITY_NAME" not-null="false" />
	    </property>
	    
		<many-to-one name="congroup" lazy="false"
			class="com.citigroup.cgti.c3par.relationship.domain.ConGroups" column="GROUP_ID" cascade="none" />	
	</class>
		
</hibernate-mapping>
