<?xml version="1.0"?>
<!DOCTYPE hibernate-mapping PUBLIC "-//Hibernate/Hibernate Mapping DTD 3.0//EN"
"http://hibernate.sourceforge.net/hibernate-mapping-3.0.dtd">
<hibernate-mapping>
	<class name="com.citigroup.cgti.inbox.entity.CCRInboxView"
		table="CCR_INBOX_VIEW" batch-size="5">
		<id name="ccrTaskRefId" type="java.lang.Long">
			<column name="CCR_TASK_REF_ID" sql-type="number" not-null="true" />
		</id>	
		<property name="sector" type="java.lang.Long">
			<column name="SECTOR" sql-type="number"/>
		</property>
		<property name="taskId" type="java.lang.Long">
			<column name="TASKID" sql-type="number"/>
		</property>	
		<property name="userId" type="java.lang.Long">
			<column name="USER_ID" sql-type="number"/>
		</property>
		<property name="lockedBy" type="java.lang.String">
			<column name="LOCKEDBY" sql-type="VARCHAR2(50)"/>
		</property>	
		<property name="id" type="java.lang.Long">
			<column name="ID" sql-type="number"/>
		</property>
		<property name="activityTrailId" type="java.lang.Long">
			<column name="TI_AUDITTRAIL_ID" sql-type="number"/>
		</property>
		<property name="ssoId" type="java.lang.String">
			<column name="SSO_ID" sql-type="VARCHAR2(50)"/>
		</property>		
		<property name="tiRequestId" type="java.lang.Long">
			<column name="TI_REQUESTID" sql-type="number"/>
		</property>	
		<property name="description" type="java.lang.String">
			<column name="DESCRIPTION" sql-type="VARCHAR2(150)"/>
		</property>	
		<property name="activity" type="java.lang.String">
			<column name="ACTIVITY" sql-type="VARCHAR2(50)" />
		</property>	
		<property name="bpmActivityId" type="java.lang.String">
			<column name="ALBPM_ACTIVITY_ID" sql-type="VARCHAR2(50)"/>
		</property>
		<property name="activityId" type="java.lang.Long">
			<column name="ACTIVITYID" sql-type="number"/>
		</property>
		<property name="tiProcess" type="java.lang.String">
			<column name="TI_PROCESS" sql-type="VARCHAR2(50)"/>
		</property>	
		<property name="phase" type="java.lang.String">
			<column name="PHASE" sql-type="VARCHAR2(100)"/>
		</property>	
		<property name="mode" type="java.lang.String">
			<column name="ACTIVITY_MODE" sql-type="VARCHAR2(30)"/>
		</property>		
		<property name="userName" type="java.lang.String">
			<column name="USER_NAME" sql-type="VARCHAR2(100)"/>
		</property>	
		<property name="lockeduserName" type="java.lang.String">
			<column name="LOCKED_USERNAME" sql-type="VARCHAR2(100)"/>
		</property>	
		<property name="value1" type="java.lang.String">
			<column name="PRIORITY" sql-type="VARCHAR2(4000)"/>
		</property>	
		<property name="activityCreationDate" type="java.sql.Timestamp">
			<column name="ACTIVITY_CREATION_DATE" sql-type="TIMESTAMP(6)"/>
		</property>	
		<property name="activityStatus" type="java.lang.String">
			<column name="ACTIVITY_STATUS" sql-type="VARCHAR2(250)"/>
		</property>
		<property name="activityStage" type="java.lang.String">
			<column name="ACTIVITY_STAGE" sql-type="VARCHAR2(250)"/>
		</property>		
		<property name="activityCode" type="java.lang.String">
			<column name="ACTIVITY_CODE" sql-type="VARCHAR2(50)"/>
		</property>	
		<property name="taskRole" type="java.lang.String">
			<column name="TASK_ROLE" sql-type="VARCHAR2(250)"/>
		</property>
	</class>
</hibernate-mapping>
