<?xml version="1.0" encoding="utf-8"?>
<!DOCTYPE hibernate-mapping PUBLIC "-//Hibernate/Hibernate Mapping DTD 3.0//EN" "http://hibernate.sourceforge.net/hibernate-mapping-3.0.dtd"[]>
<hibernate-mapping default-cascade="none" default-access="property" default-lazy="true" auto-import="true">
	<class name="com.citigroup.cgti.ccr.workflow.domain.JBPMTaskRef" table="CCR_TASK_REF" mutable="true" polymorphism="implicit" dynamic-update="false" 
				dynamic-insert="false" select-before-update="false" optimistic-lock="version">

	 <id name="id" type="long" unsaved-value="-1">
    	 <column name="ID" sql-type="number" not-null="true" />
      	<generator class="sequence"> 
			<param name="sequence">SEQ_CCR_TASK_REF</param>
		</generator>
    </id>    
    
    <property name="taskId" type="long" unique="false" >
        <column name="TASK_ID" sql-type="number" not-null="false" />
    </property>
    
	<property name="tiReqId" type="long" unique="false" >
        <column name="TI_REQUEST_ID" sql-type="number" not-null="false" />
    </property>
    <property name="activityName" type="java.lang.String" unique="false">
        <column name="ACTIVITY_NAME" sql-type="varchar2(250)"  not-null="false" />
    </property>
    
    <property name="activitiyCreationDate" type="java.util.Date" >
      <column name="ACTIVITY_CREATION_DATE" sql-type="DATE" not-null="false" />
    </property>
    
     <property name="activityStatus" type="java.lang.String">
        <column name="ACTIVITY_STATUS" sql-type="varchar2(250)" not-null="false" />
    </property>
    
     <property name="activityAssignedDate" type="java.util.Date" >
      <column name="ACTIVITY_ASSIGNED_DATE" sql-type="DATE" not-null="false" />
    </property>
    
     <property name="activityCompletionDate" type="java.util.Date" >
      <column name="ACTIVITY_COMPLETED_DATE" sql-type="DATE" not-null="false" />
    </property>
    
      <property name="phase" type="java.lang.String">
      <column name="PHASE" sql-type="varchar2(250)" not-null="false" />
    </property>
    
     <property name="taskRole" type="java.lang.String" >
      <column name="TASK_ROLE" sql-type="varchar2(250)" not-null="false" />
    </property>
    
     <property name="taskParticipant" type="java.lang.String" >
      <column name="TASK_PARTICIPANT" sql-type="varchar2(250)" not-null="false" />
    </property>
    
     <property name="connectionType" type="java.lang.String" >
      <column name="CON_TYPE" sql-type="varchar2(250)" not-null="false" />
    </property>
    
     <property name="version" type="int" >
      <column name="CON_VERSION" sql-type="number" not-null="false" />
    </property>
    
     <property name="connectionId" type="long" >
      <column name="CONNECTION_ID" sql-type="number" not-null="false" />
    </property>
    <property name="auditTrailId" type="java.lang.Long">
	      	<column name="TI_AUDITTRAIL_ID" sql-type="NUMBER" not-null="false" />
	</property>
	<property name="processid" type="long" unique="false" >
        <column name="PROCESS_ID" sql-type="number" not-null="false" />
    </property>
    <property name="parentProcessId" type="long" unique="false" >
        <column name="PARENT_PROCESS_ID" sql-type="number" not-null="false" />
    </property>
    <property name="activityStage" type="java.lang.String" unique="false" >
         <column name="ACTIVITY_STAGE" sql-type="varchar2(250)" not-null="false" />
    </property>
    <property name="errorMsgText" type="java.lang.String">
			<column name="ERROR_MESSAGE_TEXT" sql-type="varchar2(4000)"/>
   </property>
	</class>	
</hibernate-mapping>
