<?xml version="1.0"?>
<!DOCTYPE hibernate-mapping PUBLIC "-//Hibernate/Hibernate Mapping DTD 3.0//EN"
"http://hibernate.sourceforge.net/hibernate-mapping-3.0.dtd">
<hibernate-mapping>
	<class name="com.citigroup.cgti.c3par.relationship.domain.CitiHierarchyMaster"
		table="CITI_HIERARCHY_MASTER" batch-size="5">
		
		<id name="id" type="java.lang.Long">
			<column name="ID" sql-type="number" not-null="true" />
			<generator class="sequence">
				<param name="sequence">SEQ_CITI_HIERARCHY_MASTER</param>
			</generator>
		</id>
		<property name="sectorId" type="java.lang.Long" insert="false" update="false">
			<column name="SECTOR_ID" sql-type="number"/>
		</property>
		<many-to-one name="region" lazy="false"
			class="com.citigroup.cgti.c3par.relationship.domain.Region" column="REGION_ID" cascade="none" />
		<many-to-one name="sector" lazy="false"
			class="com.citigroup.cgti.c3par.relationship.domain.Sector" column="SECTOR_ID" cascade="none" />	
		<many-to-one name="businessUnit" lazy="false"
			class="com.citigroup.cgti.c3par.relationship.domain.BusinessUnit" column="BU_ID" cascade="none" />				
	</class>
	
</hibernate-mapping>
