<?xml version="1.0" encoding="utf-8"?>
<!DOCTYPE hibernate-mapping PUBLIC "-//Hibernate/Hibernate Mapping DTD 3.0//EN" "http://hibernate.sourceforge.net/hibernate-mapping-3.0.dtd"[]>
<hibernate-mapping default-cascade="none" default-access="property" default-lazy="true" auto-import="true">
  <class name="com.citigroup.cgti.c3par.businessjustification.domain.CitiContact" table="CITI_CONTACT" mutable="true" polymorphism="implicit" dynamic-update="false" dynamic-insert="false" select-before-update="false" optimistic-lock="version">
    <meta attribute="class-description" inherit="true">
            A Simple Generic Lookup business object.
            @author Sudeep Subhedar</meta>
	<id name="id" type="long" unsaved-value="-1">
      <column name="ID" sql-type="number" not-null="true" />
      	<generator class="sequence"> 
			<param name="sequence">SEQ_CITI_CONTACT</param> 
		</generator>
    </id>
	<property name="firstName" type="java.lang.String" unique="false" optimistic-lock="true" lazy="false" generated="never">
      <column name="FIRST_NAME" not-null="false" />
    </property>
	<property name="lastName" type="java.lang.String" unique="false" optimistic-lock="true" lazy="false" generated="never">
      <column name="LAST_NAME" not-null="false" />
    </property>
	<property name="ritsId" type="java.lang.String" unique="false" optimistic-lock="true" lazy="false" generated="never">
      <column name="RITS_ID" not-null="false" />
    </property>
    <property name="geId" type="java.lang.String" unique="false" optimistic-lock="true" lazy="false" generated="never">
      <column name="GEID" not-null="false" />
    </property>
	<property name="phone" type="java.lang.String" unique="false" optimistic-lock="true" lazy="false" generated="never">
      <column name="PHONE" sql-type="varchar2(100)" not-null="false" />
    </property>
	<property name="email" type="java.lang.String" unique="false" optimistic-lock="true" lazy="false" generated="never">
      <column name="EMAIL" sql-type="varchar2(100)" not-null="false" />
    </property>
	<property name="ssoId" type="java.lang.String" unique="false" optimistic-lock="true" lazy="false" generated="never">
      <column name="SSO_ID" not-null="false" />
    </property>	
	<property name="employeeType" type="java.lang.String" unique="false" optimistic-lock="true" lazy="false" generated="never">
      <column name="EMPLOYEE_TYPE" not-null="false" />
    </property>	
    <property name="employeeStatus" type="java.lang.String" unique="false" optimistic-lock="true" lazy="false" generated="never">
      <column name="EMPLOYEE_STATUS" not-null="false" />
    </property>    
    <property name="gocCode" type="java.lang.String" unique="false" optimistic-lock="true" lazy="false" generated="never">
      <column name="GOC_CODE" not-null="false" />
    </property>    
    <property name="manSegmentId" type="java.lang.String" unique="false" optimistic-lock="true" lazy="false" generated="never">
      <column name="MAN_SEGMENT_ID" not-null="false" />
    </property>    
    <property name="dsmtRegionId" type="java.lang.String" unique="false" optimistic-lock="true" lazy="false" generated="never">
      <column name="DSMT_REGION_ID" not-null="false" />
    </property>    
    <property name="dsmtRegionName" type="java.lang.String" unique="false" optimistic-lock="true" lazy="false" generated="never">
      <column name="DSMT_REGION_NAME" not-null="false" />
    </property>    
    <property name="dsmtSectorId" type="java.lang.String" unique="false" optimistic-lock="true" lazy="false" generated="never">
      <column name="DSMT_SECTOR_ID" not-null="false" />
    </property>    
    <property name="dsmtSectorName" type="java.lang.String" unique="false" optimistic-lock="true" lazy="false" generated="never">
      <column name="DSMT_SECTOR_NAME" not-null="false" />
    </property>    
    <property name="dsmtBusinessUnitId" type="java.lang.String" unique="false" optimistic-lock="true" lazy="false" generated="never">
      <column name="DSMT_BUSINESS_UNIT_ID" not-null="false" />
    </property>    
    <property name="dsmtBusinessUnitName" type="java.lang.String" unique="false" optimistic-lock="true" lazy="false" generated="never">
      <column name="DSMT_BUSINESS_UNIT_NAME" not-null="false" />
    </property>    
    
	<many-to-one name="location" lazy="false" class="com.citigroup.cgti.c3par.relationship.domain.Location" column="LOCATION_ID" unique="false" cascade="none"/>
		
</class>
</hibernate-mapping>