<?xml version="1.0"?>
<!DOCTYPE hibernate-mapping PUBLIC "-//Hibernate/Hibernate Mapping DTD 3.0//EN"
"http://hibernate.sourceforge.net/hibernate-mapping-3.0.dtd">
<hibernate-mapping>
	<class name="com.citigroup.cgti.c3par.communication.domain.CMPDoNotAssign"
		table="CMP_DO_NOT_ASSIGN" batch-size="5">
		<id name="id" type="java.lang.Long">
			<column name="ID" sql-type="number" not-null="true" />
			<generator class="sequence">
				<param name="sequence">SEQ_CMP_DO_NOT_ASSIGN</param>
			</generator>
		</id>
		<property name="agentId" type="java.lang.String">
	      	<column name="AGENT_ID" not-null="false" />
	    </property>
	    <property name="leadId" type="java.lang.String">
	      	<column name="LEAD_ID" not-null="false" />
	    </property>
		<property name="lockDate" type="java.util.Date">
	      	<column name="LOCK_DATE" sql-type="DATE" not-null="false" />
	    </property>
		<property name="comments" type="java.lang.String">
	      	<column name="COMMENTS" not-null="false" />
	    </property>
	    <property name="isLocked" type="java.lang.String">
	      	<column name="IS_LOCKED" not-null="false" />
	    </property>
		
		
				
	</class>
	
</hibernate-mapping>
