<?xml version="1.0"?>
<!DOCTYPE hibernate-mapping PUBLIC "-//Hibernate/Hibernate Mapping DTD 3.0//EN"
"http://hibernate.sourceforge.net/hibernate-mapping-3.0.dtd">
<hibernate-mapping>

	<class name="com.citigroup.cgti.c3par.communication.domain.CMPRequest"
		table="CMP_REQUEST" batch-size="5">
		
		<id name="id" type="java.lang.Long">
			<column name="ID" sql-type="number" not-null="true" />
			<generator class="sequence">
				<param name="sequence">SEQ_CMP_REQUEST</param>
			</generator>
		</id>	
					
		<property name="orderId" type="java.lang.String">
			<column name="ORDER_ID" sql-type="VARCHAR2(250)" />
		</property>			
		<property name="orderItemId" type="java.lang.String">
			<column name="ORDER_ITEM_ID" sql-type="VARCHAR2(250)"/>
		</property>
		<property name="status" type="java.lang.String">
			<column name="STATUS" sql-type="VARCHAR2(250)"/>
		</property>
		<property name="step" type="java.lang.String">
			<column name="STEP" sql-type="VARCHAR2(250)"/>
		</property>	
		<property name="availableDate" type="java.util.Date">
			<column name="AVAILABLE_DATE" sql-type="DATE"/>
		</property>
		<property name="closedDate" type="java.util.Date">
			<column name="CLOSED_DATE" sql-type="DATE"/>
		</property>
		<property name="orderByUser" type="java.lang.String">
			<column name="ORDER_BY_USER" sql-type="VARCHAR2(250)"/>
		</property>
		<property name="orderBySoeID" type="java.lang.String">
			<column name="ORDER_BY_SOEID" sql-type="VARCHAR2(250)"/>
		</property>
        <property name="orderForUser" type="java.lang.String">
			<column name="ORDER_FOR_USER" sql-type="VARCHAR2(250)"/>
		</property>
		<property name="orderForSoeID" type="java.lang.String">
			<column name="ORDER_FOR_SOEID" sql-type="VARCHAR2(250)"/>
		</property>
		<property name="assignedGroup" type="java.lang.String">
			<column name="ASSIGNED_GROUP" sql-type="CHAR(1)"/>
		</property>
		
		<many-to-one name="assignedUser" lazy="false"
			class="com.citigroup.cgti.c3par.user.domain.C3parUser" column="ASSIGNED_USER" cascade="none" />
			
		<property name="requestType" type="java.lang.String">
			<column name="REQUEST_TYPE" sql-type="VARCHAR2(250)"/>
		</property>
		<property name="typeofConnectivityInvolved" type="java.lang.String">
			<column name="TYPE_OF_CONN_INVOLVED" sql-type="VARCHAR2(250)"/>
		</property>
		<property name="requestUrgency" type="java.lang.String">
			<column name="REQUEST_URGENCY" sql-type="VARCHAR2(250)"/>
		</property>
		<property name="projectSector" type="java.lang.String">
			<column name="PROJECT_SECTOR" sql-type="VARCHAR2(250)"/>
		</property>
		<property name="region" type="java.lang.String">
			<column name="REGION" sql-type="VARCHAR2(250)"/>
		</property>
		<property name="businessjustification" type="java.lang.String">
			<column name="BUSINESS_JUSTIFICATION" sql-type="VARCHAR2(4000)"/>
		</property>		
		<property name="terminationType" type="java.lang.String">
			<column name="TERMINATION_TYPE" sql-type="VARCHAR2(250)"/>
		</property>		
		<property name="ccrId" type="java.lang.String">
			<column name="CCR_ID" sql-type="VARCHAR2(250)"/>
		</property>		
		<property name="updatedDate" type="java.util.Date">
			<column name="UPDATED_DATE" sql-type="DATE"/>
		</property>		
		<property name="businessGroup" type="java.lang.String">
			<column name="BUSINESS_GROUP" sql-type="VARCHAR2(250)"/>
		</property>		
		<property name="affectedBusiness" type="java.lang.String">
			<column name="AFFECTED_BUSINESS" sql-type="VARCHAR2(250)"/>
		</property>		
		<property name="thirdParty" type="java.lang.String">
			<column name="THIRD_PARTY" sql-type="VARCHAR2(250)"/>
		</property>	
		<property name="supplierId" type="java.lang.String">
			<column name="SUPPLIER_ID" sql-type="VARCHAR2(250)"/>
		</property>
		<property name="detailId" type="java.lang.String">
			<column name="DETAIL_ID" sql-type="VARCHAR2(250)"/>
		</property>
		<property name="connectionName" type="java.lang.String">
			<column name="CONNECTION_NAME" sql-type="VARCHAR2(250)"/>
		</property>
		<property name="relationshipId" type="java.lang.String">
			<column name="RELATIONSHIP_ID" sql-type="VARCHAR2(250)"/>
		</property>
		<property name="updateAssignedUserDate" type="java.util.Date">
			<column name="UPDATE_ASSIGNED_USER_DATE" sql-type="DATE"/>
		</property>	
		<property name="ecmSector" type="java.lang.String">
			<column name="ECM_SECTOR" sql-type="VARCHAR2(250)"/>
		</property>
						
		<bag name="cmpRequestContactXrefs" table="CMP_REQUEST_CON_XREF" lazy="false" cascade="none" order-by="role_id asc">
			<key>
				<column name="CMP_ID" not-null="true" />
			</key>
			<one-to-many class="com.citigroup.cgti.c3par.communication.domain.CMPRequestContactXref"/>	
		</bag>			
				
		<bag name="tiactivityTrail" table="ti_activity_trail" lazy="true" cascade="none" order-by="id desc">
			<key>
				<column name="CMP_ID" not-null="true" />
			</key>
			<one-to-many class="com.citigroup.cgti.c3par.common.domain.TIActivityTrail"/>	
		</bag>			
				
		<bag name="timailAudit" table="TI_MAIL_AUDIT" lazy="true" cascade="none" order-by="id desc">
			<key>
				<column name="CMP_ID" not-null="true" />
			</key>
			<one-to-many class="com.citigroup.cgti.c3par.common.domain.TIMailAudit"/>	
		</bag>	
		
		<bag name="cmpRequestNotes" table="CMP_REQUEST_NOTES" lazy="false" cascade="none" order-by="id desc">
			<key>
				<column name="CMP_ID" not-null="true" />
			</key>
			<one-to-many class="com.citigroup.cgti.c3par.communication.domain.CMPRequestNotes"/>	
		</bag>
		
		<bag name="cmpRequestAttachments" table="CMP_REQUEST_ATTACHMENTS" lazy="true" cascade="none" order-by="id desc">
			<key>
				<column name="CMP_ID" not-null="true" />
			</key>
			<one-to-many class="com.citigroup.cgti.c3par.communication.domain.CMPRequestAttachments"/>	
		</bag>
		
		<property name="accessFormRemainderDate" type="java.util.Date">
			<column name="ACCESS_FORM_REMAINDER_DATE" sql-type="TIMESTAMP(6)"/>
		</property>
			
		<property name="sloDays" type="java.lang.Long">
			<column name="SLO_DAYS" sql-type="number"/>
		</property>	
	</class>
</hibernate-mapping>
