<?xml version="1.0"?>
<!DOCTYPE hibernate-mapping PUBLIC "-//Hibernate/Hibernate Mapping DTD 3.0//EN" "http://hibernate.sourceforge.net/hibernate-mapping-3.0.dtd">

<hibernate-mapping>

	<class name="com.citigroup.cgti.c3par.communication.domain.CMPRequestAttachments" table="CMP_REQUEST_ATTACHMENTS" batch-size="5">
		
		<id name="id" type="java.lang.Long">
			<column name="ID" sql-type="number" not-null="true" />
			<generator class="sequence">
				<param name="sequence">SEQ_CMP_REQUEST_ATTACHMENTS</param>
			</generator>
		</id>	
			
		<property name="cmpId" type="java.lang.Long">
			<column name="CMP_ID" sql-type="NUMBER" />
		</property>	
		
		<property name="fileName" type="java.lang.String">
		<column name="FILE_NAME" sql-type="VARCHAR2(2000)" />
		</property>		 
	
		<property name="attchedFileUrl" type="java.lang.String">
		<column name="ATTACHED_FILE_URL" sql-type="VARCHAR2(4000)" />
		</property>	
		
		<property name="attachmentName" type="java.lang.String">
		<column name="ATTACHMENT_NAME" sql-type="VARCHAR2(1000)" />
		</property>	
			
	</class>
	
</hibernate-mapping>
