<?xml version="1.0"?>
<!DOCTYPE hibernate-mapping PUBLIC "-//Hibernate/Hibernate Mapping DTD 3.0//EN" "http://hibernate.sourceforge.net/hibernate-mapping-3.0.dtd">

<hibernate-mapping>

	<class name="com.citigroup.cgti.c3par.communication.domain.CMPRequestContactXref" table="CMP_REQUEST_CON_XREF" batch-size="5">
		
		<id name="id" type="java.lang.Long">
			<column name="ID" sql-type="number" not-null="true" />
			<generator class="sequence">
				<param name="sequence">SEQ_CMP_REQUEST_CON_XREF</param>
			</generator>
		</id>	
			
		<property name="cmpId" type="java.lang.Long">
			<column name="CMP_ID" sql-type="NUMBER" />
		</property>	
		
		<many-to-one name="citicontact" lazy="false"
			class="com.citigroup.cgti.c3par.businessjustification.domain.CitiContact" column="CITI_CONTACT_ID" cascade="none" />
			
		<many-to-one name="role" lazy="false"
			class="com.citigroup.cgti.c3par.domain.CMPRole" column="ROLE_ID" cascade="none" />
			
	</class>
	
</hibernate-mapping>
