<?xml version="1.0"?>
<!DOCTYPE hibernate-mapping PUBLIC "-//Hibernate/Hibernate Mapping DTD 3.0//EN"
"http://hibernate.sourceforge.net/hibernate-mapping-3.0.dtd">
<hibernate-mapping>

	<class name="com.citigroup.cgti.c3par.communication.domain.CMPRequestNotes"
		table="CMP_REQUEST_NOTES" batch-size="5">
		
		<id name="id" type="java.lang.Long">
			<column name="ID" sql-type="number" not-null="true" />
			<generator class="sequence">
				<param name="sequence">SEQ_CMP_REQUEST_NOTES</param>
			</generator>
		</id>	
					
		<property name="newNotes" type="java.sql.Clob">
			<column name="NOTES" sql-type="clob"/>
		</property>			
		<property name="created_date" type="java.util.Date">
			<column name="CREATED_DATE" sql-type="DATE"/>
		</property>
		<property name="type" type="java.lang.String">
			<column name="TYPE" sql-type="VARCHAR2(50)" />
		</property>	
		
		<property name="uploadfile" type="binary">
			<column name="UPLOAD_FILE" />
		</property>
		
		<property name="filetype" type="java.lang.String">
			<column name="FILE_NAME" sql-type="VARCHAR2(50)" />
		</property>	

		<many-to-one name="cmpRequest" lazy="false"
		class="com.citigroup.cgti.c3par.communication.domain.CMPRequest" column="CMP_ID"
		cascade="none" />	
			
	</class>
</hibernate-mapping>
