<?xml version="1.0"?>
<!DOCTYPE hibernate-mapping PUBLIC "-//Hibernate/Hibernate Mapping DTD 3.0//EN"
"http://hibernate.sourceforge.net/hibernate-mapping-3.0.dtd">
<hibernate-mapping>
	<class name="com.citigroup.cgti.c3par.relationship.domain.CoLookupData"
		table="CO_LOOKUP_DATA" batch-size="5">
		<id name="id" type="java.lang.Long">
			<column name="ID" sql-type="number" not-null="true" />
			<generator class="sequence">
				<param name="sequence">SEQ_CO_LOOKUP_DATA</param>
			</generator>
		</id>
		<property name="expDataInfoSizeId" type="java.lang.Long">
	      	<column name="EXP_DATA_INFO_SIZE_ID" sql-type="NUMBER" not-null="false" />
	    </property>
		<property name="expDataFeqId" type="java.lang.Long">
	      	<column name="EXP_DATA_FEQ_ID" sql-type="NUMBER" not-null="false" />
	    </property>
	    <property name="citigroupDataId" type="java.lang.Long">
	      	<column name="CITIGROUP_DATA_ID" sql-type="NUMBER" not-null="false" />
	    </property>
		<property name="criticalityId" type="java.lang.Long">
	      	<column name="CRITICALITY_ID" sql-type="NUMBER" not-null="false" />
	    </property>
	    <property name="customerDataId" type="java.lang.Long">
	      	<column name="CUSTOMER_DATA_ID" sql-type="NUMBER" not-null="false" />
	    </property>
		<property name="connectionTypeId" type="java.lang.Long">
	      	<column name="CONNECTION_TYPE_ID" sql-type="NUMBER" not-null="false" />
	    </property>
	    <property name="classificationId" type="java.lang.Long">
	      	<column name="CLASSIFICATION_ID" sql-type="NUMBER" not-null="false" />
	    </property>
		<property name="isPublic" type="java.lang.String">
	      	<column name="IS_PUBLIC" not-null="false" />
	    </property>
		
				
	</class>
	
</hibernate-mapping>
