<?xml version="1.0"?>
<!DOCTYPE hibernate-mapping PUBLIC "-//Hibernate/Hibernate Mapping DTD 3.0//EN"
"http://hibernate.sourceforge.net/hibernate-mapping-3.0.dtd">
<hibernate-mapping>
	<class name="com.citigroup.cgti.c3par.appsense.domain.ConnectionOstiaGroup"
		table="CON_OSTIA_GROUP">

	    <id name="id" type="long" unsaved-value="-1">
	      	<column name="ID" sql-type="number" not-null="true" />
	      	<generator class="sequence"> 
				<param name="sequence">SEQ_CON_OSTIA_GROUP</param> 
			</generator>
	    </id>
	    
	    <bag name="ostiaQuestionList" table="CON_OSTIA_ANSWER" order-by="id desc"  lazy="false" cascade="save-update">
	     	<key>
	     		<column name="OSTIA_GROUP_ID" not-null="true" />
	     	</key>
	    		<one-to-many class="com.citigroup.cgti.c3par.appsense.domain.AppsenseOstiaQuestion" />                      
		</bag>
	
		<property name="status" type="java.lang.String" unique="false" optimistic-lock="true" lazy="false" generated="never">
	      	<column name="STATUS" sql-type="varchar2(100)" not-null="false" />
	    </property>
	    
	    <property name="created_date" type="java.util.Date" unique="false" optimistic-lock="true" lazy="false" generated="never">
	      	<column name="CREATED_DATE" sql-type="DATE" not-null="false" />
	    </property>
	    
		<property name="updated_date" type="java.util.Date" unique="false" optimistic-lock="true" lazy="false" generated="never">
	      	<column name="UPDATED_DATE" sql-type="DATE" not-null="false" />
	    </property>
    
	</class>
</hibernate-mapping>