<?xml version="1.0" encoding="utf-8"?>
<!DOCTYPE hibernate-mapping PUBLIC "-//Hibernate/Hibernate Mapping DTD 3.0//EN" "http://hibernate.sourceforge.net/hibernate-mapping-3.0.dtd"[]>
<hibernate-mapping default-cascade="none" default-access="property" default-lazy="true" auto-import="true">
	<class name="com.citigroup.cgti.c3par.domain.ConnectionRequest" table="CON_REQ" mutable="true" polymorphism="implicit" dynamic-update="false" 
				dynamic-insert="false" select-before-update="false" optimistic-lock="version">
    	<meta attribute="class-description" inherit="true">@author Prakash C</meta>
    	
	    <id name="id" type="long" unsaved-value="-1">
	      <column name="ID" sql-type="number" not-null="true" />
	    </id>
	
		<property name="discriminator" type="java.lang.String">
	      	<column name="DISCRIMINATOR" not-null="false" />
	    </property>	    
	    
		<many-to-one name="colookup" lazy="false" 
				class="com.citigroup.cgti.c3par.relationship.domain.CoLookupData" column="LOOKUP_ID" unique="true" cascade="none"/>
		
		<property name="netconId" type="java.lang.Long">
	      	<column name="NET_CON_ID" sql-type="NUMBER" not-null="false" />
	    </property>
	    
		<many-to-one name="relationship" lazy="false" 
				class="com.citigroup.cgti.c3par.relationship.domain.Relationship" column="RELATIONSHIP_ID" unique="true" cascade="none"/>
		
		<property name="requireNetworkAccess" type="java.lang.String">
	      	<column name="REQUIRE_NETWORK_ACCESS" not-null="false" />
	    </property>
	    
		<property name="rationale" type="java.lang.String">
	      	<column name="RATIONALE" not-null="false" />
	    </property>	    
	    
		<property name="benefit" type="java.lang.String">
	      	<column name="BENEFIT" not-null="false" />
	    </property>	    
	    
		<property name="plcode" type="java.lang.String">
	      	<column name="PLCODE" not-null="false" />
	    </property>	    
	    
		<property name="cobredundancyReq" type="java.lang.String">
	      	<column name="COB_REDUNDANCY_REQUIRED" not-null="false" />
	    </property>	    
	    
		<property name="connectionName" type="java.lang.String">
	      	<column name="CONNECTION_NAME" not-null="false" />
	    </property>	    
	    
		<property name="status" type="java.lang.String">
	      	<column name="STATUS" not-null="false" />
	    </property>	    
	    
		<property name="requestorId" type="java.lang.String">
	      	<column name="REQUESTER_ID" not-null="false" />
	    </property>	    
	    
		<property name="semiannualentitlementReview" type="java.lang.String">
	      	<column name="SEMI_ANNUAL_ENTITLEMENT_REVIEW" not-null="false" />
	    </property>	    
	    
		<property name="issconnectionCompliance" type="java.lang.String">
	      	<column name="ISS_CONNECTION_COMPLIANCE" not-null="false" />
	    </property>	    
	    
		<property name="citipolicyAdherence" type="java.lang.String">
	      	<column name="CITI_POLICY_ADHERENCE" not-null="false" />
	    </property>	    
	    
		<property name="accesscitiGlobalNetwork" type="java.lang.String">
	      	<column name="ACCESS_CITI_GLOBAL_NETWORK" not-null="false" />
	    </property>	    
	    
		<property name="tptrainingAwarenessPrg" type="java.lang.String">
	      	<column name="TP_TRAINING_AWARNESS_PROGRAM" not-null="false" />
	    </property>	    
	    
		<property name="isdeleted" type="java.lang.String">
	      	<column name="IS_DELETED" not-null="false" />
	    </property>	    
	    
		<many-to-one name="sourceResourceType" lazy="no-proxy"
			class="com.citigroup.cgti.c3par.common.domain.ResourceType" column="SOURCE_RESOURCE_TYPE" cascade="none" />
			
		<many-to-one name="targetResourceType" lazy="no-proxy"
			class="com.citigroup.cgti.c3par.common.domain.ResourceType" column="TARGET_RESOURCE_TYPE" cascade="none" />	
			
		<property name="fafgeneratedFlag" type="java.lang.String">
	      	<column name="FAF_GENERATED_FLAG" not-null="false" />
	    </property>	    
	    
		<property name="isaclVariance" type="java.lang.String">
	      	<column name="IS_ACL_VARIANCE" not-null="false" />
	    </property>	    
	    
		<property name="fwtype" type="java.lang.String">
	      	<column name="FW_TYPE" not-null="false" />
	    </property>	    
	    
		<property name="fwmgmtRegionId" type="java.lang.Long">
	      	<column name="FW_MGMT_REGION_ID" sql-type="NUMBER" not-null="false" />
	    </property>
	    
		<property name="exportLicenseCoordinator" type="java.lang.String">
	      	<column name="EXPORT_LICENSE_CORDINATOR" not-null="false" />
	    </property>	    
	    
		<property name="sponsorBusinessConsulted" type="java.lang.String">
	      	<column name="SPONSOR_BUSINESS_CONSULTED" not-null="false" />
	    </property>	    
	    
		<property name="fafrequestFlag" type="java.lang.String">
	      	<column name="FAF_REQUEST_FLAG" not-null="false" />
	    </property>
	    
		<property name="pafgeneratedFlag" type="java.lang.String">
	      	<column name="PAF_GENERATED_FLAG" not-null="false" />
	    </property>
	    
		<property name="aafgeneratedFlag" type="java.lang.String">
	      	<column name="AAF_GENERATED_FLAG" not-null="false" />
	    </property>
	    
		<property name="bulkRequest" type="java.lang.String">
	      	<column name="BULK_REQUEST" not-null="false" />
	    </property>
	    
		<property name="splinstrAppsense" type="java.lang.String">
	      	<column name="SPLINSTR_APPSENSE" not-null="false" />
	    </property>  
	    
		<property name="splinstrProxy" type="java.lang.String">
	      	<column name="SPLINSTR_PROXY" not-null="false" />
	    </property>  
	    
		<property name="splinstrFirewall" type="java.lang.String">
	      	<column name="SPLINSTR_FIREWALL" not-null="false" />
	    </property>  
	    
		<property name="jmsmsgflag" type="java.lang.String">
	      	<column name="JMS_MSGSENT_FLAG" not-null="false" />
	    </property>  
	    
		<property name="splinstrAclvar" type="java.lang.String">
	      	<column name="SPLINSTR_ACLVAR" not-null="false" />
	    </property>  
	    
		<property name="exportLicenseCoordinatorNew" type="java.lang.String">
	      	<column name="EXPORT_LICENSE_CORDINATOR_NEW" not-null="false" />
	    </property>  
	    
		<property name="conforcustclient" type="java.lang.String">
	      	<column name="CONN_FOR_CUST_CLIENT" not-null="false" />
	    </property>  
	    
		<property name="directAccessByThirdparty" type="java.lang.String">
	      	<column name="DIRECT_ACCESSBY_THIRDPRT" not-null="false" />
	    </property>  
	    
		<property name="capappGroupCode" type="java.lang.String">
	      	<column name="CAB_APPR_GRP_CODE" not-null="false" />
	    </property>  
	    
		<property name="semiannualEntlReview" type="java.lang.String">
	      	<column name="SEMI_ANNUAL_ENTITL_REVIEW" not-null="false" />
	    </property>  
	    
		<property name="tptrainingAwarnessprg" type="java.lang.String">
	      	<column name="TP_TRAINING_AWARNESS_PRG" not-null="false" />
	    </property>  
	    
		<property name="splinstrIPreg" type="java.lang.String">
	      	<column name="SPLINSTR_IPREG" not-null="false" />
	    </property>  
	    
		<property name="connectivityEstimate" type="java.lang.String">
	      	<column name="CONNECTIVITY_ESTIMATE" not-null="false" />
	    </property>  
	    
		<property name="detailedInfo" type="java.lang.String">
	      	<column name="DETAILED_INFORMATION" not-null="false" />
	    </property>  
	    
		<bag name="virtualConnReasons" table="VIRTUAL_CONN_REASON" lazy="false" cascade="none">
			<key>
				<column name="CON_REQ_ID" not-null="true" />
			</key>
			<one-to-many class="com.citigroup.cgti.c3par.domain.VirtualConnReason"/>	
		</bag>
			
	</class>
</hibernate-mapping>