<?xml version="1.0" encoding="utf-8"?>
<!DOCTYPE hibernate-mapping PUBLIC "-//Hibernate/Hibernate Mapping DTD 3.0//EN" "http://hibernate.sourceforge.net/hibernate-mapping-3.0.dtd"[]>
<hibernate-mapping default-cascade="none" default-access="property" default-lazy="true" auto-import="true">
	<class name="com.citigroup.cgti.c3par.businessjustification.domain.ConReqCitiContactXref" table="CON_REQ_CITI_CONTACT_XREF" mutable="true" polymorphism="implicit" dynamic-update="false" 
				dynamic-insert="false" select-before-update="false" optimistic-lock="version">
    	<meta attribute="class-description" inherit="true">@author Prakash C</meta>
    	
		<id name="id" type="long" unsaved-value="-1">
	      <column name="ID" sql-type="number" not-null="true" />
	      	<generator class="sequence"> 
				<param name="sequence">SEQ_CON_REQ_CITI_CONTACT_XREF</param> 
			</generator>
	    </id>
	    
		<many-to-one name="citicontact" lazy="false"
			class="com.citigroup.cgti.c3par.businessjustification.domain.CitiContact" column="CITI_CONTACT_ID" cascade="none" />
			
		<many-to-one name="role" lazy="false"
			class="com.citigroup.cgti.c3par.domain.Role" column="ROLE_ID" cascade="none" />
			
		<many-to-one name="requestid" lazy="false"
			class="com.citigroup.cgti.c3par.domain.Planning" column="REQUEST_ID" cascade="none" />
			
		<property name="primaryContact" type="java.lang.String">
	      	<column name="PRIMARY_CONTACT" not-null="false" />
	    </property>	    
	    
		<property name="notifyContact" type="java.lang.String">
	      	<column name="NOTIFY_CONTACT" not-null="false" />
	    </property>	    
	    
		<property name="systemGenerated" type="java.lang.String">
	      	<column name="SYSTEM_GENERATED" not-null="false" />
	    </property>	    
	    
		<property name="notifyCount" type="java.lang.Long">
	      	<column name="NOTIFY_COUNT" sql-type="NUMBER" not-null="false" />
	    </property>
	    
		<property name="isreject" type="java.lang.String">
	      	<column name="IS_REJECT" not-null="false" />
	    </property>	 
	    
	</class>
</hibernate-mapping>