<?xml version="1.0" encoding="utf-8"?>
<!DOCTYPE hibernate-mapping PUBLIC "-//Hibernate/Hibernate Mapping DTD 3.0//EN" "http://hibernate.sourceforge.net/hibernate-mapping-3.0.dtd"[]>
<hibernate-mapping default-cascade="none" default-access="property" default-lazy="true" auto-import="true">
  <class name="com.citigroup.cgti.c3par.appsense.domain.ConnectionPortLookUp" table="CON_PORT_LOOKUP" mutable="true" polymorphism="implicit" dynamic-update="false" dynamic-insert="false" select-before-update="false" optimistic-lock="version">
    <meta attribute="class-description" inherit="true">
            A Simple Generic Lookup business object.
            @author Sudeep Subhedar</meta>
    <id name="id" type="long" unsaved-value="-1">
      <column name="ID" sql-type="number" not-null="true" />
      	<generator class="sequence"> 
			<param name="sequence">SEQ_CON_PORT_LOOKUP</param> 
		</generator>
    </id>
    <property name="portNumber" type="java.lang.String" unique="false" optimistic-lock="true" lazy="false" generated="never">
      <column name="PORT_NUMBER" sql-type="varchar2(50)" not-null="false" />
    </property>
    <property name="protocol" type="java.lang.String" unique="false" optimistic-lock="true" lazy="false" generated="never">
      <column name="PROTOCOL" sql-type="varchar2(25)" not-null="false" />
    </property>
    <property name="flowOfData" type="java.lang.String" unique="false" optimistic-lock="true" lazy="false" generated="never">
      <column name="FLOW_OF_DATA" sql-type="varchar2(75)" not-null="false" />
    </property>
    <property name="isRiskport" type="java.lang.String" unique="false" optimistic-lock="true" lazy="false" generated="never">
      <column name="IS_RISKPORT" sql-type="varchar2(1)" not-null="false" />
    </property>
    <property name="biDirectional" type="java.lang.String" unique="false" optimistic-lock="true" lazy="false" generated="never">
      <column name="BIDIRECTIONAL" sql-type="varchar2(50)" not-null="false" />
    </property>
	<property name="created_date" type="java.util.Date" unique="false" optimistic-lock="true" lazy="false" generated="never">
      <column name="CREATED_DATE" sql-type="DATE" not-null="false" />
    </property>
	 <property name="updated_date" type="java.util.Date" unique="false" optimistic-lock="true" lazy="false" generated="never">
      <column name="UPDATED_DATE" sql-type="DATE" not-null="false" />
    </property>
</class>
</hibernate-mapping>