<?xml version="1.0"?>
<!DOCTYPE hibernate-mapping PUBLIC "-//Hibernate/Hibernate Mapping DTD 3.0//EN"
"http://hibernate.sourceforge.net/hibernate-mapping-3.0.dtd">
<hibernate-mapping>
	<class name="com.citigroup.cgti.c3par.businessjustification.domain.ConReqTPContactXref"
		table="CON_REQ_TP_CONTACT_XREF" batch-size="5">
		<id name="id" type="java.lang.Long">
			<column name="ID" sql-type="number" not-null="true" />
			<generator class="sequence">
				<param name="sequence">SEQ_CON_REQ_TP_CONTACT_XREF</param>
			</generator>
		</id>
		<many-to-one name="thirdPartyContact" lazy="false" 
			class="com.citigroup.cgti.c3par.relationship.domain.ThirdPartyContact" column="TP_CONTACT_ID" cascade="none"/>
		
		<many-to-one name="role" lazy="false"
			class="com.citigroup.cgti.c3par.domain.Role" column="ROLE_ID" cascade="none" />
			
		<many-to-one name="planning" lazy="false"
			class="com.citigroup.cgti.c3par.domain.Planning" column="REQUEST_ID" cascade="none" />
	</class>	
</hibernate-mapping>