<?xml version="1.0" encoding="utf-8"?>
<!DOCTYPE hibernate-mapping PUBLIC "-//Hibernate/Hibernate Mapping DTD 3.0//EN" "http://hibernate.sourceforge.net/hibernate-mapping-3.0.dtd"[]>
<hibernate-mapping default-cascade="none" default-access="property" default-lazy="true" auto-import="true">
  <class name="com.citigroup.cgti.c3par.appsense.domain.ConnectionIPMaster" table="CON_IP_MASTER" mutable="true" polymorphism="implicit" dynamic-update="false" dynamic-insert="false" select-before-update="false" optimistic-lock="version">
    <meta attribute="class-description" inherit="true">
            A Simple Generic Lookup business object.
            @author Sudeep Subhedar</meta>
    <id name="id" type="long" unsaved-value="-1">
      <column name="ID" sql-type="number" not-null="true" />
      	<generator class="sequence"> 
			<param name="sequence">SEQ_CON_IP_MASTER</param> 
		</generator>
    </id>
    <property name="ipAddress" type="java.lang.String" unique="false" optimistic-lock="true" lazy="false" generated="never">
      <column name="IP_ADDRESS" sql-type="varchar2(25)" not-null="false" />
    </property>
    <property name="formattedIP" type="java.lang.String" unique="false" optimistic-lock="true" lazy="false" generated="never">
      <column name="FORMATTED_IP" sql-type="varchar2(25)" not-null="false" />
    </property>
    <property name="subnet" type="java.lang.String" unique="false" optimistic-lock="true" lazy="false" generated="never">
      <column name="SUBNET" sql-type="varchar2(25)" not-null="false" />
    </property>
    <property name="startIPAddress" type="java.lang.String" unique="false" optimistic-lock="true" lazy="false" generated="never">
      <column name="START_IP_ADDRESS" sql-type="varchar2(25)" not-null="false" />
    </property>
    <property name="endIPAddress" type="java.lang.String" unique="false" optimistic-lock="true" lazy="false" generated="never">
      <column name="END_IP_ADDRESS" sql-type="varchar2(25)" not-null="false" />
    </property>
    <property name="formattedStartIP" type="java.lang.String" unique="false" optimistic-lock="true" lazy="false" generated="never">
      <column name="FORMATTED_START_IP" sql-type="varchar2(25)" not-null="false" />
    </property>
    <property name="formattedEndIP" type="java.lang.String" unique="false" optimistic-lock="true" lazy="false" generated="never">
      <column name="FORMATTED_END_IP" sql-type="varchar2(25)" not-null="false" />
    </property>
    <property name="broadCastAddress" type="java.lang.String" unique="false" optimistic-lock="true" lazy="false" generated="never">
      <column name="BROADCAST_ADDRESS" sql-type="varchar2(25)" not-null="false" />
    </property>
    <property name="noOfHost" type="long" unique="false" optimistic-lock="true" lazy="false" generated="never">
      <column name="NO_OF_HOST" sql-type="number" not-null="false" />
    </property>
   <property name="isPrivateIP" type="java.lang.String" unique="false" optimistic-lock="true" lazy="false" generated="never">
      <column name="IS_PRIVATE_IP" sql-type="varchar2(2)" not-null="false" />
    </property>
    <property name="templateFlag" type="java.lang.String" unique="false" optimistic-lock="true" lazy="false" generated="never">
      <column name="TEMPLATE_FLAG" sql-type="varchar2(1)" not-null="false" />
    </property>
	<property name="created_date" type="java.util.Date" unique="false" optimistic-lock="true" lazy="false" generated="never">
      <column name="CREATED_DATE" sql-type="DATE" not-null="false" />
    </property>
	 <property name="updated_date" type="java.util.Date" unique="false" optimistic-lock="true" lazy="false" generated="never">
      <column name="UPDATED_DATE" sql-type="DATE" not-null="false" />
    </property>
</class>
</hibernate-mapping>