<?xml version="1.0" encoding="utf-8"?>
<!DOCTYPE hibernate-mapping PUBLIC "-//Hibernate/Hibernate Mapping DTD 3.0//EN" "http://hibernate.sourceforge.net/hibernate-mapping-3.0.dtd"[]>
<hibernate-mapping default-cascade="none" default-access="property" default-lazy="true" auto-import="true">
	<class name="com.citigroup.cgti.c3par.domain.Connection" table="CONNECTION" mutable="true" polymorphism="implicit" dynamic-update="false" 
				dynamic-insert="false" select-before-update="false" optimistic-lock="version">
    	<meta attribute="class-description" inherit="true">@author Prakash C</meta>
    	
	    <id name="id" type="long" unsaved-value="-1">
	      <column name="ID" sql-type="number" not-null="true" />
	    </id>
	
		<property name="lookupId" type="java.lang.Long">
	      	<column name="LOOKUP_ID" sql-type="NUMBER" not-null="false" />
	    </property>
	    
		<many-to-one name="relationship" lazy="false" 
				class="com.citigroup.cgti.c3par.relationship.domain.Relationship" column="RELATIONSHIP_ID" unique="true" cascade="none"/>
		
		<property name="netconId" type="java.lang.Long">
	      	<column name="NET_CON_ID" sql-type="NUMBER" not-null="false" />
	    </property>
	    
		<property name="name" type="java.lang.String">
	      	<column name="NAME" not-null="false" />
	    </property>	    
	    
		<property name="status" type="java.lang.String">
	      	<column name="STATUS" not-null="false" />
	    </property>	    
	    
		<property name="requestorId" type="java.lang.String">
	      	<column name="REQUESTER_ID" not-null="false" />
	    </property>	    
	    
		<property name="rationale" type="java.lang.String">
	      	<column name="RATIONALE" not-null="false" />
	    </property>	    
	    
		<property name="benefit" type="java.lang.String">
	      	<column name="BENEFIT" not-null="false" />
	    </property>	    
	    
		<property name="plcode" type="java.lang.String">
	      	<column name="PLCODE" not-null="false" />
	    </property>	    
	    
		<property name="requireNetworkAccess" type="java.lang.String">
	      	<column name="REQUIRE_NETWORK_ACCESS" not-null="false" />
	    </property>
	    
		<property name="cobredundancyReq" type="java.lang.String">
	      	<column name="COB_REDUNDANCY_REQUIRED" not-null="false" />
	    </property>	    
	    
		<property name="requestDate" type="java.util.Date">
	      	<column name="REQUEST_DATE" sql-type="DATE" not-null="false" />
	    </property>
	    
		<property name="readyDate" type="java.util.Date">
	      	<column name="READY_DATE" sql-type="DATE" not-null="false" />
	    </property>
	    
		<property name="comments" type="java.lang.String">
	      	<column name="COMMENTS" not-null="false" />
	    </property>	    
	    
		<property name="semiannualentitlementReview" type="java.lang.String">
	      	<column name="SEMI_ANNUAL_ENTITLEMENT_REVIEW" not-null="false" />
	    </property>	    
	    
		<property name="issconnectionCompliance" type="java.lang.String">
	      	<column name="ISS_CONNECTION_COMPLIANCE" not-null="false" />
	    </property>	    
	    
		<property name="citipolicyAdherence" type="java.lang.String">
	      	<column name="CITI_POLICY_ADHERENCE" not-null="false" />
	    </property>	    
	    
		<property name="accesscitiGlobalNetwork" type="java.lang.String">
	      	<column name="ACCESS_CITI_GLOBAL_NETWORK" not-null="false" />
	    </property>	    
	    
		<property name="tptrainingAwarenessPrg" type="java.lang.String">
	      	<column name="TP_TRAINING_AWARNESS_PROGRAM" not-null="false" />
	    </property>	    
	    
		<property name="secreviewComments" type="java.lang.String">
	      	<column name="SECURITY_REVIEW_COMMENTS" not-null="false" />
	    </property>	    
	    
		<property name="sponsorreviewComments" type="java.lang.String">
	      	<column name="SPONSOR_REVIEW_COMMENTS" not-null="false" />
	    </property>	    
	    
		<property name="activateconComments" type="java.lang.String">
	      	<column name="ACTIVATE_CON_COMMENTS" not-null="false" />
	    </property>	    
	    
		<property name="approvedesignComments" type="java.lang.String">
	      	<column name="APPROVE_DESIGN_COMMENTS" not-null="false" />
	    </property>	    
	    
		<property name="integstatusComments" type="java.lang.String">
	      	<column name="INTEGRATION_STATUS_COMMENTS" not-null="false" />
	    </property>	    
	    
		<property name="procurementDate" type="java.util.Date">
	      	<column name="PROCUREMENT_DATE" sql-type="DATE"  not-null="false" />
	    </property>
	    
		<property name="procurementComments" type="java.lang.String">
	      	<column name="PROCUREMENT_COMMENTS" not-null="false" />
	    </property>
	    
		<property name="conreqId" type="java.lang.Long">
	      	<column name="CONNECTION_REQUEST_ID" sql-type="NUMBER" not-null="false" />
	    </property>
	    
		<property name="sysadminComments" type="java.lang.String">
	      	<column name="SYSTEM_ADMIN_COMMENTS" not-null="false" />
	    </property>
	    
		<property name="opanalystComments" type="java.lang.String">
	      	<column name="OPERATIONAL_ANALYST_COMMENTS" not-null="false" />
	    </property>
	    
		<property name="istgComments" type="java.lang.String">
	      	<column name="ISTG_COMMENTS" not-null="false" />
	    </property>  
	    
		<property name="informanId" type="java.lang.Long">
	      	<column name="INFOMAN_ID" sql-type="NUMBER" not-null="false" />
	    </property>
	    
		<property name="opanalystScheduleDate" type="java.util.Date">
	      	<column name="OP_ANALYST_SCHEDULE_DATE" sql-type="DATE" not-null="false" />
	    </property>
	    
		<property name="opanalystCompletedDate" type="java.util.Date">
	      	<column name="OP_ANALYST_COMPLETED_DATE" sql-type="DATE" not-null="false" />
	    </property>
	    
		<property name="exportLicenseCordinator" type="java.lang.String">
	      	<column name="EXPORT_LICENSE_CORDINATOR" not-null="false" />
	    </property>  
	    
		<property name="sponsorBusinessConsulted" type="java.lang.String">
	      	<column name="SPONSOR_BUSINESS_CONSULTED" not-null="false" />
	    </property>  
	    
		<property name="sownumber" type="java.lang.String">
	      	<column name="SOW_NUMBER" not-null="false" />
	    </property>  
	    
		<property name="cmpid" type="java.lang.String">
	      	<column name="CMP_ID" not-null="false" />
	    </property>  
	    
		<property name="exportLicenseCoordinatorNew" type="java.lang.String">
	      	<column name="EXPORT_LICENSE_CORDINATOR_NEW" not-null="false" />
	    </property>  
	    
		<property name="directAccessByThirdparty" type="java.lang.String">
	      	<column name="DIRECT_ACCESSBY_THIRDPRT" not-null="false" />
	    </property>  
	    
		<property name="capappGroupCode" type="java.lang.String">
	      	<column name="CAB_APPR_GRP_CODE" not-null="false" />
	    </property>  
	    
		<property name="conforcustclient" type="java.lang.String">
	      	<column name="CONN_FOR_CUST_CLIENT" not-null="false" />
	    </property>  
	    
		<property name="semiannualEntlReview" type="java.lang.String">
	      	<column name="SEMI_ANNUAL_ENTITL_REVIEW" not-null="false" />
	    </property>  
	    
		<property name="tptrainingAwarnessprg" type="java.lang.String">
	      	<column name="TP_TRAINING_AWARNESS_PRG" not-null="false" />
	    </property>  
	    
		<property name="connectivityEstimate" type="java.lang.String">
	      	<column name="CONNECTIVITY_ESTIMATE" not-null="false" />
	    </property>  
	    
		<property name="detailedInfo" type="java.lang.String">
	      	<column name="DETAILED_INFORMATION" not-null="false" />
	    </property>  
	    
	</class>
</hibernate-mapping>