<?xml version="1.0" encoding="utf-8"?>
<!DOCTYPE hibernate-mapping PUBLIC "-//Hibernate/Hibernate Mapping DTD 3.0//EN" "http://hibernate.sourceforge.net/hibernate-mapping-3.0.dtd"[]>
<hibernate-mapping default-cascade="none" default-access="property" default-lazy="true" auto-import="true">
  <class name="com.citigroup.cgti.c3par.connection.domain.ConnectionFWLocation" table="CON_FW_LOCATION" mutable="true" polymorphism="implicit" dynamic-update="false" dynamic-insert="false" select-before-update="false" optimistic-lock="version">
    <meta attribute="class-description" inherit="true">
      A Simple ConnectionFirewallLocation Object.
                      @author Deepika Rukmannagari</meta>
    <id name="id" type="long" unsaved-value="-1">
      <column name="ID" sql-type="number" not-null="true" />
    </id>
    <property name="fwLocation" type="java.lang.String" unique="false" optimistic-lock="true" lazy="false" generated="never">
      <column name="LOCATION" sql-type="varchar2(50)" not-null="true" />
    </property>
	</class>
</hibernate-mapping>