<?xml version="1.0" encoding="utf-8"?>
<!DOCTYPE hibernate-mapping PUBLIC "-//Hibernate/Hibernate Mapping DTD 3.0//EN" "http://hibernate.sourceforge.net/hibernate-mapping-3.0.dtd"[]>
<hibernate-mapping default-cascade="none" default-access="property" default-lazy="true" auto-import="true">
  <class name="com.citigroup.cgti.c3par.connection.domain.ConnectionCPFirewall" table="CON_FW_CHECKPOINT" mutable="true" polymorphism="implicit" dynamic-update="false" dynamic-insert="false" select-before-update="false" optimistic-lock="version">
  <meta attribute="class-description" inherit="true"> 
      A Simple ConnectionCPFirewall Object.
                      @author Deepika Rukmannagari</meta> 
    <id name="id" type="long" unsaved-value="-1">
      <column name="ID" sql-type="number" not-null="true" />
      <generator class="sequence"> 
			<param name="sequence">seq_con_fw_checkpoint</param> 
		</generator>
        </id>
  	<property name="checkPointName" type="java.lang.String" unique="false" optimistic-lock="true" lazy="false" generated="never">
      <column name="firewall_checkpoint_name" sql-type="varchar2" not-null="false" />
    </property>
    <property name="createdDate" type="java.util.Date" unique="false" optimistic-lock="true" lazy="false" generated="never">
      <column name="created_date" sql-type="DATE" not-null="false" />
    </property>
    <property name="updatedDate" type="java.util.Date" unique="false" optimistic-lock="true" lazy="false" generated="never">
      <column name="updated_date" sql-type="DATE" not-null="false" />
    </property>
     <property name="type" type="java.lang.String" unique="false" optimistic-lock="true" lazy="false" generated="never">
      <column name="netinfo_type" sql-type="varchar2" not-null="false" />
    </property>
    <property name="ipAddress" type="java.lang.String" unique="false" optimistic-lock="true" lazy="false" generated="never">
      <column name="ip_address" sql-type="varchar2" not-null="false" />
    </property>
    <property name="buildingName" type="java.lang.String" unique="false" optimistic-lock="true" lazy="false" generated="never">
      <column name="building_name" sql-type="varchar2" not-null="false" />
    </property>
    <property name="address1" type="java.lang.String" unique="false" optimistic-lock="true" lazy="false" generated="never">
      <column name="address" sql-type="varchar2" not-null="false" />
    </property>
    <property name="city" type="java.lang.String" unique="false" optimistic-lock="true" lazy="false" generated="never">
      <column name="city" sql-type="varchar2" not-null="false" />
    </property>
	<property name="county" type="java.lang.String" unique="false" optimistic-lock="true" lazy="false" generated="never">
      <column name="county" sql-type="varchar2" not-null="false" />
    </property>
	 <property name="country" type="java.lang.String" unique="false" optimistic-lock="true" lazy="false" generated="never">
      <column name="country" sql-type="varchar2" not-null="false" />
    </property>
    <property name="region" type="java.lang.String" unique="false" optimistic-lock="true" lazy="false" generated="never">
      <column name="region" sql-type="varchar2" not-null="false" />
    </property>
    <property name="approverGroups" type="java.lang.String" unique="false" optimistic-lock="true" lazy="false" generated="never">
      <column name="approver_groups" sql-type="varchar2" not-null="false" />
    </property>
    <property name="deviceId" type="java.lang.String" unique="false" optimistic-lock="true" lazy="false" generated="never">
      <column name="device_id" sql-type="varchar2" not-null="false" />
    </property>
    <property name="netInfoDeleteFlag" type="java.lang.String" unique="false" optimistic-lock="true" lazy="false" generated="never">
      <column name="delete_flag" sql-type="varchar2" not-null="false" />
    </property>
    </class>
</hibernate-mapping>