<?xml version="1.0"?>
<!DOCTYPE hibernate-mapping PUBLIC "-//Hibernate/Hibernate Mapping DTD 3.0//EN"
"http://hibernate.sourceforge.net/hibernate-mapping-3.0.dtd">
<hibernate-mapping>

	<class name="com.citigroup.cgti.c3par.admin.domain.DoNotSendMailList" table="do_not_send_list">
		
		<id name="id" type="java.lang.Long">
			<column name="ID" sql-type="number" not-null="true" />			
			<generator class="sequence">
				<param name="sequence">seq_do_not_send_list</param>
			</generator>
		</id>
		
		<property name="citiContactId" type="java.lang.Long">
			<column name="CITI_CONTACT_ID" sql-type="number"/>
		</property>
		
		<property name="soeID" type="java.lang.String">
			<column name="SSO_ID" sql-type="VARCHAR2(10)"/>
		</property>
		
		<property name="isDeleted" type="java.lang.String">
			<column name="IS_DELETED" sql-type="VARCHAR2(1)" />
		</property>
				
		<property name="created_date" type="java.util.Date" unique="false"
			optimistic-lock="true" lazy="false" generated="never" update="false">
			<column name="CREATED_DATE" sql-type="DATE" not-null="true"/>
		</property>
		
		<property name="updated_date" type="java.util.Date">
			<column name="UPDATED_DATE" sql-type="DATE" not-null="true"/>
		</property>	
					
	</class>	
	
</hibernate-mapping>