<?xml version="1.0"?>
<!DOCTYPE hibernate-mapping PUBLIC "-//Hibernate/Hibernate Mapping DTD 3.0//EN"
"http://hibernate.sourceforge.net/hibernate-mapping-3.0.dtd">
<hibernate-mapping>
	<class name="com.citigroup.cgti.c3par.communication.domain.EcmQueue"
		table="ECM_QUEUE" batch-size="5">
		<id name="id" type="java.lang.Long">
			<column name="ID" sql-type="number" not-null="true" />
			<generator class="sequence">
				<param name="sequence">SEQ_ECM_QUEUE</param>
			</generator>
		</id>
		<property name="queueName" type="java.lang.String">
	      	<column name="QUEUE_NAME" sql-type="VARCHAR2(250)" />
	    </property>
	    <property name="displayName" type="java.lang.String">
	      	<column name="DISPLAY_NAME" sql-type="VARCHAR2(250)" />
	    </property>
				
	</class>
	
</hibernate-mapping>
