<?xml version="1.0"?>
<!DOCTYPE hibernate-mapping PUBLIC "-//Hibernate/Hibernate Mapping DTD 3.0//EN"
"http://hibernate.sourceforge.net/hibernate-mapping-3.0.dtd">
<hibernate-mapping>
	<class name="com.citigroup.cgti.c3par.communication.domain.EcmQueueSectors"
		table="ECM_QUEUE_SECTORS" batch-size="5">
		<id name="id" type="java.lang.Long">
			<column name="ID" sql-type="number" not-null="true" />
			<generator class="sequence">
				<param name="sequence">SEQ_ECM_QUEUE_SECTORS</param>
			</generator>
		</id>
		
		<many-to-one name="sector" lazy="false"
			class="com.citigroup.cgti.c3par.relationship.domain.Sector" column="SECTOR_ID" cascade="none" />
			
	    <many-to-one name="ecmQueue" lazy="false"
			class="com.citigroup.cgti.c3par.communication.domain.EcmQueue" column="ECM_QUEUE_ID" cascade="none" />
				
	</class>
	
</hibernate-mapping>
