<?xml version="1.0"?>
<!DOCTYPE hibernate-mapping PUBLIC "-//Hibernate/Hibernate Mapping DTD 3.0//EN"
"http://hibernate.sourceforge.net/hibernate-mapping-3.0.dtd">
<hibernate-mapping>


	<class name="com.citigroup.cgti.c3par.fw.domain.FafFireflowTicket"
		table="FAF_FIREFLOW_TICKET" batch-size="5">
		<id name="id" type="java.lang.Long">
			<column name="ID" sql-type="number" not-null="true" />
			<generator class="sequence">
				<param name="sequence">SEQ_FAF_FIREFLOW_TICKET</param>
			</generator>

		</id>
		<version name="updated_date" column="UPDATED_DATE" type="java.util.Date"
			generated="never" />

		<property name="ticketNumber">
			<column name="TICKET_NO" />
		</property>
		<property name="type">
			<column name="TYPE" />
		</property>
		<property name="status">
			<column name="STATUS" />
		</property>
		<property name="ipReg">
			<column name="IP_REG" />
		</property>
		<many-to-one name="tiRequest" lazy="false"
			class="com.citigroup.cgti.c3par.domain.TIRequest" column="TI_REQUEST_ID"
			cascade="none" />

		<many-to-one name="policyGroup" lazy="false"
			class="com.citigroup.cgti.c3par.fw.domain.FireWallPolicyGroup"
			column="FW_GROUP" cascade="none" />
		<bag name="fafFireWallRules" table="FAF_FW_RULE" lazy="false"
			cascade="none">
			<key>
				<column name="FIREFLOW_TICKET_ID" not-null="true" />
			</key>

			<one-to-many class="com.citigroup.cgti.c3par.fw.domain.FafFirewallRule" />

		</bag>
		<property name="created_date" type="java.util.Date" unique="false"
			optimistic-lock="true" lazy="false" generated="never" update="false">
			<column name="CREATED_DATE" sql-type="DATE" not-null="true" />
		</property>
	</class>
</hibernate-mapping>
