<?xml version="1.0"?>
<!DOCTYPE hibernate-mapping PUBLIC "-//Hibernate/Hibernate Mapping DTD 3.0//EN"
"http://hibernate.sourceforge.net/hibernate-mapping-3.0.dtd">
<hibernate-mapping>
	<class name="com.citigroup.cgti.c3par.fw.domain.FafFirewallRuleSourceIP"
		table="FAF_FW_RULE_SOURCE_IP" mutable="false">
		<id name="id" type="java.lang.Long">
			<column name="ID" sql-type="number" not-null="true" />

			<generator class="sequence">
				<param name="sequence">SEQ_FAF_FW_RULE_SOURCE_IP</param>
			</generator>

		</id>
		<version name="updated_date" column="UPDATED_DATE" type="java.util.Date"
			generated="never" />
		<many-to-one name="fafFireWallRule"
			class="com.citigroup.cgti.c3par.fw.domain.FafFirewallRule">
			<column name="FAF_FW_RULE_ID" />
		</many-to-one>

		<many-to-one name="ipAddress" lazy="false"
			class="com.citigroup.cgti.c3par.fw.domain.IPAddress" column="IP_ID"
			cascade="save-update" />
		<property name="NAT" type="java.lang.String">
			<column name="NAT_IP" />
		</property>
		<property name="created_date" type="java.util.Date" unique="false"
			update="false" optimistic-lock="true" lazy="false" generated="never">
			<column name="CREATED_DATE" sql-type="DATE" not-null="false" />
		</property>
		<many-to-one name="tiRequest"
			class="com.citigroup.cgti.c3par.domain.TIRequest" column="TI_REQUEST_ID"
			cascade="none" />
		<many-to-one name="updatedTIRequest"
			class="com.citigroup.cgti.c3par.domain.TIRequest" column="UPDATED_TI_REQUEST_ID"
			cascade="none" />
			<property name="objRuleID" type="java.lang.Long">
			<column name="OBJ_RULE_ID" />
		</property>

	</class>
	<class
		name="com.citigroup.cgti.c3par.fw.domain.FafFirewallRuleDestinationIP"
		table="FAF_FW_RULE_DEST_IP" mutable="false">
		<id name="id" type="java.lang.Long">
			<column name="ID" sql-type="number" not-null="true" />

			<generator class="sequence">
				<param name="sequence">SEQ_FAF_FW_RULE_DESTINATION_IP</param>
			</generator>

		</id>
		<version name="updated_date" column="UPDATED_DATE" type="java.util.Date"
			generated="never" />
		<many-to-one name="fafFireWallRule"
			class="com.citigroup.cgti.c3par.fw.domain.FafFirewallRule">
			<column name="FAF_FW_RULE_ID" />
		</many-to-one>


		<many-to-one name="ipAddress" lazy="false"
			class="com.citigroup.cgti.c3par.fw.domain.IPAddress" column="IP_ID"
			cascade="save-update" />
		<property name="NAT" type="java.lang.String">
			<column name="NAT_IP" />
		</property>
		<property name="created_date" type="java.util.Date" unique="false"
			update="false" optimistic-lock="true" lazy="false" generated="never">
			<column name="CREATED_DATE" sql-type="DATE" not-null="false" />
		</property>
		<many-to-one name="tiRequest"
			class="com.citigroup.cgti.c3par.domain.TIRequest" column="TI_REQUEST_ID"
			cascade="none" />
		<many-to-one name="updatedTIRequest"
			class="com.citigroup.cgti.c3par.domain.TIRequest" column="UPDATED_TI_REQUEST_ID"
			cascade="none" />
			<property name="objRuleID" type="java.lang.Long">
			<column name="OBJ_RULE_ID" />
		</property>

	</class>
</hibernate-mapping>
