<?xml version="1.0"?>
<!DOCTYPE hibernate-mapping PUBLIC "-//Hibernate/Hibernate Mapping DTD 3.0//EN"
"http://hibernate.sourceforge.net/hibernate-mapping-3.0.dtd">
<hibernate-mapping>


	<class name="com.citigroup.cgti.c3par.fw.domain.FafFirewallRule"
		table="FAF_FW_RULE" batch-size="5" mutable="false">
		<id name="id" type="java.lang.Long">
			<column name="ID" sql-type="number" not-null="true" />
			<generator class="sequence">
				<param name="sequence">SEQ_FAF_FW_RULE</param>
			</generator>

		</id>
		<version name="updated_date" column="UPDATED_DATE" type="java.util.Date"
			generated="never" />
		<many-to-one name="fafFireFlowTicket" lazy="false"
			class="com.citigroup.cgti.c3par.fw.domain.FafFireflowTicket">
			<column name="FIREFLOW_TICKET_ID" />
		</many-to-one>

		<many-to-one name="fireWallRule" lazy="false"
			class="com.citigroup.cgti.c3par.fw.domain.FireWallRule">
			<column name="CON_FW_RULE_ID" />
		</many-to-one>

		<bag name="recommendedRules" table="IMPL_FAF_FW_RULE" lazy="false"
			order-by="id desc">
			<key>
				<column name="FAF_FW_RULE_ID" not-null="true" />
			</key>

			<one-to-many
				class="com.citigroup.cgti.c3par.fw.domain.FafFirewallRuleSuggestion" />

		</bag>
		<many-to-one name="policy" lazy="false"
			class="com.citigroup.cgti.c3par.fw.domain.FirewallPolicy" column="POLICY_ID"
			cascade="none" />

		<bag name="sourceIPs" table="FAF_FW_RULE_SOURCE_IP" lazy="false"
			order-by="id desc" cascade="save-update">
			<key>
				<column name="FAF_FW_RULE_ID" not-null="true" />
			</key>

			<one-to-many
				class="com.citigroup.cgti.c3par.fw.domain.FafFirewallRuleSourceIP" />

		</bag>
		<bag name="destinationIPs" table="FAF_FW_RULE_DESTINATION_IP"
			order-by="id desc" lazy="false" cascade="save-update">
			<key>
				<column name="FAF_FW_RULE_ID" not-null="true" />
			</key>

			<one-to-many
				class="com.citigroup.cgti.c3par.fw.domain.FafFirewallRuleDestinationIP" />

		</bag>
		<bag name="ports" table="FAF_FW_RULE_PORT" lazy="false" cascade="save-update"
			order-by="id desc">
			<key>
				<column name="FAF_FW_RULE_ID" not-null="true" />
			</key>

			<one-to-many class="com.citigroup.cgti.c3par.fw.domain.FafFirewallRulePort" />

		</bag>
		<bag name="policies" table="FAF_FW_RULE_POLICY" lazy="false" cascade="save-update"
			order-by="id desc">
			<key>
				<column name="FAF_FW_RULE_ID" not-null="true" />
			</key>

			<one-to-many class="com.citigroup.cgti.c3par.fw.domain.FafFirewallRulePolicy" />

		</bag>
		<many-to-one name="sourceZone"
			class="com.citigroup.cgti.c3par.fw.domain.FireWallZone" column="FROM_ZONE_ID"
			lazy="false" cascade="none" />
		<many-to-one name="destinationZone"
			class="com.citigroup.cgti.c3par.fw.domain.FireWallZone" column="TO_ZONE_ID"
			lazy="false" cascade="none" />
		<many-to-one name="sourceNetworkZone"
			class="com.citigroup.cgti.c3par.common.domain.ResourceType" column="SRC_NWZONE_ID"
			lazy="false" cascade="none" />
		<many-to-one name="destinationNetworkZone"
			class="com.citigroup.cgti.c3par.common.domain.ResourceType" column="DST_NWZONE_ID"
			lazy="false" cascade="none" />
		<property name="created_date" type="java.util.Date" unique="false"
			optimistic-lock="true" lazy="false" generated="never" update="false">
			<column name="CREATED_DATE" sql-type="DATE" not-null="true" />
		</property>
		<property name="ruleSequence">
			<column name="RULE_SEQ" />
		</property>
		<property name="deleted">
			<column name="IS_DELETED" />
		</property>
		<property name="ruleType">
			<column name="RULE_TYPE" />
		</property>
	</class>



</hibernate-mapping>
