<?xml version="1.0"?>
<!DOCTYPE hibernate-mapping PUBLIC "-//Hibernate/Hibernate Mapping DTD 3.0//EN"
"http://hibernate.sourceforge.net/hibernate-mapping-3.0.dtd">
<hibernate-mapping>
	<class name="com.citigroup.cgti.c3par.fw.domain.FafFirewallRulePolicy"
		table="FAF_FW_RULE_POLICY" mutable="false">
		<id name="id" type="java.lang.Long">
			<column name="ID" sql-type="number" not-null="true" />

			<generator class="sequence">
				<param name="sequence">SEQ_FAF_FW_RULE_POLICY</param>
			</generator>

		</id>
		<version name="updated_date" column="UPDATED_DATE" type="java.util.Date"
			generated="never" />
		<many-to-one name="fafFireWallRule"
			class="com.citigroup.cgti.c3par.fw.domain.FafFirewallRule" fetch="select">
			<column name="FAF_FW_RULE_ID" />
		</many-to-one>
		<many-to-one name="firewallPolicy"
			class="com.citigroup.cgti.c3par.fw.domain.FirewallPolicy" lazy="false" column="POLICY_ID"
			cascade="none" />

		<property name="created_date" type="java.util.Date" unique="false"
			update="false" optimistic-lock="true" lazy="false" generated="never">
			<column name="CREATED_DATE" sql-type="DATE" not-null="false" />
		</property>
		
		

		<many-to-one name="updatedTIRequest"
			class="com.citigroup.cgti.c3par.domain.TIRequest" column="UPDATED_TI_REQUEST_ID"
			cascade="none" />

	</class>
</hibernate-mapping>
