<?xml version="1.0"?>
<!DOCTYPE hibernate-mapping PUBLIC "-//Hibernate/Hibernate Mapping DTD 3.0//EN"
"http://hibernate.sourceforge.net/hibernate-mapping-3.0.dtd">
<hibernate-mapping>


	<class name="com.citigroup.cgti.c3par.fw.domain.FafFireflowTicketLog"
		table="FAF_FIREFLOW_NOTIF_LOG" >
		<id name="id" type="java.lang.Long">
			<column name="ID" sql-type="number" not-null="true" />
			<generator class="sequence">
				<param name="sequence">SEQ_FAF_FIREFLOW_NOTIF_LOG</param>
			</generator>

		</id>
		<version name="updated_date" column="UPDATED_DATE" type="java.util.Date"
			generated="never" />

		<property name="fafFireflowTicketID">
			<column name="FAF_FIREFLOW_TICKET_ID" />
		</property>
		<property name="notificationType">
			<column name="NOTIF_TYPE" />
		</property>
		<property name="notificationXML">
			<column name="NOTIF_XML" />
		</property>
		<property name="initialPlans">
			<column name="PLAN" />
		</property>
		<property name="workOrders">
			<column name="WORK_ORDER" />
		</property>
		<property name="parsingStatus">
			<column name="CCR_STATUS" />
		</property>
		<property name="ffId">
			<column name="FF_ID" />
		</property>
		<property name="ffType">
			<column name="FF_TYPE" />
		</property>
		<property name="ffTicketId">
			<column name="FF_TICKET_NO" />
		</property>
		<property name="ffSubTicketId">
			<column name="FF_SUB_TICKET_NO" />
		</property>
		<property name="ffMessage">
			<column name="FF_MESSAGE" />
		</property>
		<property name="ffConnectionId">
			<column name="FF_CON_ID" />
		</property>
		<property name="ffRequestId">
			<column name="FF_REQ_ID" />
		</property>

		<property name="created_date" type="java.util.Date" unique="false"
			optimistic-lock="true" lazy="false" generated="never" update="false">
			<column name="CREATED_DATE" sql-type="DATE" not-null="true" />
		</property>

	</class>

	
</hibernate-mapping>
