<?xml version="1.0" encoding="utf-8"?>
<!DOCTYPE hibernate-mapping PUBLIC "-//Hibernate/Hibernate Mapping DTD 3.0//EN" "http://hibernate.sourceforge.net/hibernate-mapping-3.0.dtd"[]>
<hibernate-mapping default-cascade="none" default-access="property" default-lazy="true" auto-import="true">
  <class name="com.citigroup.cgti.c3par.bpm.ejb.domain.FireFlowDTO" table="TI_FIREFLOW_REQUEST" mutable="true" polymorphism="implicit" dynamic-update="false" dynamic-insert="false" select-before-update="false" optimistic-lock="version">
    <meta attribute="class-description" inherit="true">
            A Simple Generic Lookup business object.
     </meta>
    <id name="id" type="long" unsaved-value="-1">
      <column name="ID" sql-type="number" not-null="true" />
      	<generator class="sequence"> 
			<param name="sequence">seq_fireFlowRequest</param> 
		</generator>
    </id>  
	<property name="fireFlowId" type="java.lang.String" unique="false" optimistic-lock="true" lazy="false" generated="never">
      <column name="FIREFLOW_ID" sql-type="varchar2(20)" not-null="false" />
    </property>
	<property name="status" type="java.lang.String" unique="false" optimistic-lock="true" lazy="false" generated="never">
      <column name="STATUS" sql-type="varchar2(10)" not-null="false" /> 
    </property>  
    <property name="afaCategoryId"  unique="false" optimistic-lock="true" lazy="false" generated="never">
      <column name="AFA_CATEGORY_ID"  not-null="false" /> 
    </property>  
    <property name="requester" type="java.lang.String" unique="false" optimistic-lock="true" lazy="false" generated="never">
      <column name="REQUESTER" sql-type="varchar2(10)" not-null="false" /> 
    </property>  
	<property name="created_date" type="java.util.Date" unique="false" optimistic-lock="true" lazy="false" generated="never">
      <column name="CREATED_DATE" sql-type="DATE" not-null="false" />
    </property>
	 <property name="updated_date" type="java.util.Date" unique="false" optimistic-lock="true" lazy="false" generated="never">
      <column name="UPDATED_DATE" sql-type="DATE" not-null="false" />
    </property>
    
   <many-to-one name="tiRequest" class="com.citigroup.cgti.c3par.domain.TIRequest" column="TI_REQUEST_ID" unique="true" lazy="false" cascade="none"/>
</class>
</hibernate-mapping>