<?xml version="1.0" encoding="utf-8"?>
<!DOCTYPE hibernate-mapping PUBLIC "-//Hibernate/Hibernate Mapping DTD 3.0//EN" "http://hibernate.sourceforge.net/hibernate-mapping-3.0.dtd"[]>
<hibernate-mapping default-cascade="none"
	default-access="property" default-lazy="false" auto-import="true">
	<class name="com.citigroup.cgti.c3par.fw.domain.FirewallPolicy"
		table="CON_FW_POLICY" mutable="false" polymorphism="implicit"
		dynamic-update="false" dynamic-insert="false" select-before-update="false"
		optimistic-lock="version">
		<meta attribute="class-description" inherit="true">
			business object.
            </meta>
		<id name="id" type="long" unsaved-value="-1">
			<column name="ID" sql-type="number" not-null="true" />
			<generator class="sequence">
				<param name="sequence">SEQ_CON_FW_POLICY</param>
			</generator>
		</id>
		<property name="name" type="java.lang.String" unique="false"
			optimistic-lock="true" lazy="false" generated="never">
			<column name="POLICY_NAME" not-null="false" />
		</property>

		<property name="fwType" type="java.lang.String" unique="false"
			optimistic-lock="true" lazy="false" generated="never">
			<column name="FW_TYPE" not-null="false" />
		</property>

		<property name="deleteFlag" type="java.lang.String" unique="false"
			optimistic-lock="true" lazy="false" generated="never">
			<column name="DELETE_FLAG" not-null="false" />
		</property>

		<property name="isZoned" type="java.lang.String" unique="false"
			optimistic-lock="true" lazy="false" generated="never">
			<column name="IS_ZONED" not-null="false" />
		</property>

		<bag name="firewalls" table="CON_FIREWALL" lazy="false" cascade="none">
			<key>
				<column name="POLICY_ID" not-null="true" />
			</key>
			<one-to-many class="com.citigroup.cgti.c3par.fw.domain.Firewall" />
			<filter name="excludeDeleted" condition="(delete_flag = 'N')" />
		</bag>

		<many-to-one name="fireWallPolicyGroup"
			class="com.citigroup.cgti.c3par.fw.domain.FireWallPolicyGroup" column="GROUP_ID"
			lazy="false" cascade="none" />

		<many-to-one name="firewallRegion"
			class="com.citigroup.cgti.c3par.fw.domain.FirewallRegion" column="MGMT_REGION_ID"
			lazy="false" cascade="none" />
		
		<filter name="excludeDeleted" condition="(delete_flag = 'N')" />
	</class>
	
	<filter-def name="excludeDeleted" />
	
</hibernate-mapping>
