<?xml version="1.0" encoding="utf-8"?>
<!DOCTYPE hibernate-mapping PUBLIC "-//Hibernate/Hibernate Mapping DTD 3.0//EN" "http://hibernate.sourceforge.net/hibernate-mapping-3.0.dtd"[]>
<hibernate-mapping default-cascade="none"
	default-access="property" default-lazy="true" auto-import="true">
	<class name="com.citigroup.cgti.c3par.fw.domain.FireWallPolicyGroup"
		table="CON_FW_GROUP" mutable="true" polymorphism="implicit"
		dynamic-update="false" dynamic-insert="false" select-before-update="false"
		optimistic-lock="version">
		<meta attribute="class-description" inherit="true">
			business object.
            </meta>
		<id name="id" type="long" unsaved-value="-1">
			<column name="ID" sql-type="number" not-null="true" />
			<generator class="sequence">
				<param name="sequence">SEQ_CON_FW_GROUP</param>
			</generator>
		</id>
		<property name="name" type="java.lang.String" unique="false"
			optimistic-lock="true" lazy="false" generated="never">
			<column name="FIREWALL_GROUP" not-null="false" />
		</property>
		<property name="active" type="java.lang.String" unique="false"
			optimistic-lock="true" lazy="false" generated="never">
			<column name="IS_ACTIVE" not-null="false" />
		</property>
		<many-to-one name="connectionFWLocation"
			class="com.citigroup.cgti.c3par.common.domain.FirewallLocation" column="FW_LOCATION_ID"
			lazy="false" cascade="none" />
		<many-to-one name="connectivityType"
			class="com.citigroup.cgti.c3par.common.domain.GenericLookup" column="CONNECTIVITY_TYPE"
			lazy="false" cascade="none" />
	</class>
</hibernate-mapping>
