<?xml version="1.0"?>
<!DOCTYPE hibernate-mapping PUBLIC "-//Hibernate/Hibernate Mapping DTD 3.0//EN"
"http://hibernate.sourceforge.net/hibernate-mapping-3.0.dtd">
<hibernate-mapping>
	<class name="com.citigroup.cgti.c3par.fw.domain.FireWallRulePort"
		table="CON_FW_RULE_PORT">
		<id name="id" type="java.lang.Long">
			<column name="ID" sql-type="number" not-null="true" />

			<generator class="sequence">
				<param name="sequence">SEQ_CON_FW_RULE_PORT</param>
			</generator>

		</id>
		<version name="updated_date" column="UPDATE_DATE" type="java.util.Date"
			generated="never" />
		<many-to-one name="fireWallRule"
			class="com.citigroup.cgti.c3par.fw.domain.FireWallRule" fetch="select">
			<column name="RULE_ID" />
		</many-to-one>

		<many-to-one name="updatedTIRequest"
			class="com.citigroup.cgti.c3par.domain.TIRequest" column="UPDATED_TI_REQUEST_ID"
			unique="true" lazy="false" cascade="none" />
		<many-to-one name="deletedTIRequest"
			class="com.citigroup.cgti.c3par.domain.TIRequest" column="DELETED_TI_REQUEST_ID"
			unique="true" lazy="false" cascade="none" />
		<many-to-one name="port"
			class="com.citigroup.cgti.c3par.fw.domain.Port" lazy="false" column="PORT_ID"
			cascade="none" />

		<property name="created_date" type="java.util.Date" unique="false"
			update="false" optimistic-lock="true" lazy="false" generated="never">
			<column name="CREATE_DATE" sql-type="DATE" not-null="false" />
		</property>

		<property name="description" type="java.lang.String">
			<column name="DESCRIPTION" />
		</property>
		<property name="serviceName" type="java.lang.String">
			<column name="SERVICE_NAME" />
		</property>
		<property name="defaultService" type="java.lang.String">
			<column name="DEFAULT_SERVICE" />
		</property>
		<property name="typeOfTraffic" type="java.lang.String">
			<column name="TYPE_OF_TRAFFIC" />
		</property>
		<property name="isNew" type="java.lang.String">
			<column name="IS_NEW" />
		</property>
		<property name="objRuleID" type="java.lang.Long">
			<column name="OBJ_RULE_ID" />
		</property>
	</class>
	
	<sql-query name="getPortsforTemplateObject" callable="true">
	<return alias="fireWallRulePort" class="com.citigroup.cgti.c3par.fw.domain.FireWallRulePort"/>
	<![CDATA[call TEMPLATE_PRTOBJECTS_PCKG.GET_PORTS_FOR_TMP_OBJ(?,?,?,?,?)]]>
	</sql-query>
	<sql-query name="getPortsforRule" callable="true">
	<return alias="fireWallRulePort" class="com.citigroup.cgti.c3par.fw.domain.FireWallRulePort"/>
	<![CDATA[call TEMPLATE_PRTOBJECTS_PCKG.GET_PORTS_FOR_RULE(?,?,?,?)]]>
	</sql-query>
</hibernate-mapping>
