<?xml version="1.0"?>
<!DOCTYPE hibernate-mapping PUBLIC "-//Hibernate/Hibernate Mapping DTD 3.0//EN"
"http://hibernate.sourceforge.net/hibernate-mapping-3.0.dtd">
<hibernate-mapping>
	<class name="com.citigroup.cgti.c3par.fw.domain.FireWallRuleSourceIP"
		table="CON_FW_RULE_SOURCE_IP">
		<id name="id" type="java.lang.Long">
			<column name="ID" sql-type="number" not-null="true" />

			<generator class="sequence">
				<param name="sequence">SEQ_CON_FW_RULE_SOURCE_IP</param>
			</generator>

		</id>
		<version name="updated_date" column="UPDATE_DATE" type="java.util.Date"
			generated="never" />
		<many-to-one name="fireWallRule"
			class="com.citigroup.cgti.c3par.fw.domain.FireWallRule">
			<column name="RULE_ID" />
		</many-to-one>
		
		<many-to-one name="updatedTIRequest"
			class="com.citigroup.cgti.c3par.domain.TIRequest" column="UPDATED_TI_REQUEST_ID"
			unique="true" lazy="false" cascade="none" />
		<many-to-one name="deletedTIRequest"
			class="com.citigroup.cgti.c3par.domain.TIRequest" column="DELETED_TI_REQUEST_ID"
			unique="true" lazy="false" cascade="none" />
		<many-to-one name="ipAddress" lazy="false"
			class="com.citigroup.cgti.c3par.fw.domain.IPAddress" column="IP_ID"
			cascade="none" />
		<property name="NAT" type="java.lang.String">
			<column name="NAT" />
		</property>
		<property name="isNew" type="java.lang.String">
			<column name="IS_NEW" />
		</property>
		<property name="created_date" type="java.util.Date" unique="false" update="false"
			optimistic-lock="true" lazy="false" generated="never">
			<column name="CREATE_DATE" sql-type="DATE" not-null="false" />
		</property>
		<property name="objRuleID" type="java.lang.Long">
			<column name="OBJ_RULE_ID" />
		</property>
	</class>
	<class name="com.citigroup.cgti.c3par.fw.domain.FireWallRuleDestinationIP"
		table="CON_FW_RULE_DESTINATION_IP">
		<id name="id" type="java.lang.Long">
			<column name="ID" sql-type="number" not-null="true" />

			<generator class="sequence">
				<param name="sequence">SEQ_CON_FW_RULE_DESTINATION_IP</param>
			</generator>

		</id>
		<version name="updated_date" column="UPDATE_DATE" type="java.util.Date"
			generated="never" />
		<many-to-one name="fireWallRule"
			class="com.citigroup.cgti.c3par.fw.domain.FireWallRule">
			<column name="RULE_ID" />
		</many-to-one>
		
		<many-to-one name="updatedTIRequest"
			class="com.citigroup.cgti.c3par.domain.TIRequest" column="UPDATED_TI_REQUEST_ID"
			unique="true" lazy="false" cascade="none" />
		<many-to-one name="deletedTIRequest"
			class="com.citigroup.cgti.c3par.domain.TIRequest" column="DELETED_TI_REQUEST_ID"
			unique="true" lazy="false" cascade="none" />
		<many-to-one name="ipAddress" lazy="false"
			class="com.citigroup.cgti.c3par.fw.domain.IPAddress" column="IP_ID"
			cascade="none" />
		<property name="NAT" type="java.lang.String">
			<column name="NAT" />
		</property>
		<property name="isNew" type="java.lang.String">
			<column name="IS_NEW" />
		</property>
		<property name="created_date" type="java.util.Date" unique="false" update="false"
			optimistic-lock="true" lazy="false" generated="never">
			<column name="CREATE_DATE" sql-type="DATE" not-null="false" />
		</property>
		<property name="objRuleID" type="java.lang.Long">
			<column name="OBJ_RULE_ID" />
		</property>
		
	</class>
	<sql-query name="getIPsforTemplateObject" callable="true">
	<return alias="fireWallRuleSourceIP" class="com.citigroup.cgti.c3par.fw.domain.FireWallRuleSourceIP"/>
	<![CDATA[call TEMPLATE_OBJECTS_PCKG.GET_IPS_FOR_TMP_OBJ(?,?,?,?,?)]]>
	</sql-query>
	<sql-query name="getIPsforRule" callable="true">
	<return alias="fireWallRuleSourceIP" class="com.citigroup.cgti.c3par.fw.domain.FireWallRuleSourceIP"/>
	<![CDATA[call TEMPLATE_OBJECTS_PCKG.GET_IPS_FOR_RULE(?,?,?,?,?)]]>
	</sql-query>
</hibernate-mapping>
