<?xml version="1.0" encoding="utf-8"?>
<!DOCTYPE hibernate-mapping PUBLIC "-//Hibernate/Hibernate Mapping DTD 3.0//EN" "http://hibernate.sourceforge.net/hibernate-mapping-3.0.dtd"[]>
<hibernate-mapping>
	<class name="com.citigroup.cgti.c3par.fw.domain.FirewallRuleApplication"
		table="CON_FW_RULE_APPLICATION">
		<id name="id" type="java.lang.Long">
			<column name="ID" sql-type="number" not-null="true" />

			<generator class="sequence">
				<param name="sequence">SEQ_CON_FW_RULE_APPLICATION</param>
			</generator>

		</id>
		<version name="updated_date" column="UPDATE_DATE" type="java.util.Date"
			generated="never" />
		<many-to-one name="fireWallRule" lazy="false"
			class="com.citigroup.cgti.c3par.fw.domain.FireWallRule" column="RULE_ID"
			cascade="none"/>
		<many-to-one name="tiRequest"
			class="com.citigroup.cgti.c3par.domain.TIRequest" column="TI_REQUEST_ID"
			cascade="none" />
		<many-to-one name="updatedTIRequest"
			class="com.citigroup.cgti.c3par.domain.TIRequest" column="UPDATED_TI_REQUEST_ID"
			cascade="none" />
		<many-to-one name="deletedTIRequest"
			class="com.citigroup.cgti.c3par.domain.TIRequest" column="DELETED_TI_REQUEST_ID"
			cascade="none" />
		<many-to-one name="ipAddress" lazy="false"
			class="com.citigroup.cgti.c3par.fw.domain.IPAddress" column="IP_ID"
			cascade="none"/>
		<many-to-one name="application" lazy="false"
			class="com.citigroup.cgti.c3par.common.domain.Application" column="APPLICATION_ID"
			cascade="save-update" />
		<property name="created_date" type="java.util.Date" unique="false" update="false"
			optimistic-lock="true" lazy="false" generated="never">
			<column name="CREATE_DATE" sql-type="DATE" not-null="false" />
		</property>
		<filter name="excludeDeleted" condition="(deleted_ti_request_id is null)" />
	</class>
	<filter-def name="excludeDeleted" />
</hibernate-mapping>