<?xml version="1.0" encoding="utf-8"?>
<!DOCTYPE hibernate-mapping PUBLIC "-//Hibernate/Hibernate Mapping DTD 3.0//EN" "http://hibernate.sourceforge.net/hibernate-mapping-3.0.dtd"[]>
<hibernate-mapping default-cascade="none"
	default-access="property" default-lazy="true" auto-import="true">
	<class name="com.citigroup.cgti.c3par.fw.domain.FirewallRuleOstiaAnswer"
		table="CON_FW_RULE_OSTIA_ANS" mutable="true" polymorphism="implicit"
		dynamic-update="false" dynamic-insert="false" select-before-update="false"
		optimistic-lock="version">
		<meta attribute="class-description" inherit="true">
			business object.
            </meta>
		<id name="id" type="long" unsaved-value="-1">
			<column name="ID" sql-type="number" not-null="true" />
			<generator class="sequence">
				<param name="sequence">SEQ_CON_FW_RULE_OSTIA_ANSWER</param>
			</generator>
		</id>
		<property name="answer" type="java.lang.String" unique="false"
			optimistic-lock="true" lazy="false" generated="never">
			<column name="ANSWER" not-null="false" />
		</property>	
		
			<property name="otherText" type="java.lang.String" unique="false"
			optimistic-lock="true" lazy="false" generated="never">
			<column name="OTHER_TEXT" not-null="false" />
		</property>	
		<many-to-one name="firewallRuleOstiaQuestion"
			class="com.citigroup.cgti.c3par.fw.domain.FirewallRuleOstiaQuestion">
			<column name="FW_OSTIA_QUES_ID" />
		</many-to-one>
		<many-to-one name="updatedTIRequest"
			class="com.citigroup.cgti.c3par.domain.TIRequest" column="UPDATED_TI_REQUEST_ID"
			cascade="none" />
		<many-to-one name="deletedTIRequest"
			class="com.citigroup.cgti.c3par.domain.TIRequest" column="DELETED_TI_REQUEST_ID"
			cascade="none" />
		<filter name="excludeDeleted" condition="(deleted_ti_request_id is null)" />
	</class>
	<filter-def name="excludeDeleted" />
</hibernate-mapping>
