<?xml version="1.0" encoding="utf-8"?>
<!DOCTYPE hibernate-mapping PUBLIC "-//Hibernate/Hibernate Mapping DTD 3.0//EN" "http://hibernate.sourceforge.net/hibernate-mapping-3.0.dtd"[]>
<hibernate-mapping default-cascade="none"
	default-access="property" default-lazy="true" auto-import="true">
	<class name="com.citigroup.cgti.c3par.fw.domain.FirewallRegion"
		table="CON_FW_MGMT_REGION" mutable="true" polymorphism="implicit"
		dynamic-update="false" dynamic-insert="false" select-before-update="false"
		optimistic-lock="version">
		<meta attribute="class-description" inherit="true">
			business object.
            </meta>
		<id name="id" type="long" unsaved-value="-1">
			<column name="ID" sql-type="number" not-null="true" />
			<generator class="sequence">
				<param name="sequence">SEQ_CON_FW_MGMT_REGION</param>
			</generator>
		</id>
		<property name="region" type="java.lang.String" unique="false"
			optimistic-lock="true" lazy="false" generated="never">
			<column name="MGT_REGION" not-null="false" />
		</property>
		<property name="operationAnalystEmail" type="java.lang.String" unique="false"
			optimistic-lock="true" lazy="false" generated="never">
			<column name="OPERATION_ANALYST_EMAIL" not-null="false" />
		</property>
		<property name="reviewFlag" type="java.lang.String" unique="false"
			optimistic-lock="true" lazy="false" generated="never">
			<column name="SE_REVIEWFLAG" not-null="false" />
		</property>
	</class>
</hibernate-mapping>
