<?xml version="1.0" encoding="utf-8"?>
<!DOCTYPE hibernate-mapping PUBLIC "-//Hibernate/Hibernate Mapping DTD 3.0//EN" "http://hibernate.sourceforge.net/hibernate-mapping-3.0.dtd"[]>
<hibernate-mapping default-cascade="none"
	default-access="property" default-lazy="true" auto-import="true">
	<class name="com.citigroup.cgti.c3par.fw.domain.Firewall"
		table="CON_FIREWALL" mutable="false" polymorphism="implicit"
		dynamic-update="false" dynamic-insert="false" select-before-update="false"
		optimistic-lock="version">
		<meta attribute="class-description" inherit="true">
			business object.
            </meta>
		<id name="id" type="long" unsaved-value="-1">
			<column name="ID" sql-type="number" not-null="true" />
			<generator class="sequence">
				<param name="sequence">SEQ_CON_FIREWALL</param>
			</generator>
		</id>
		<property name="firewallName" type="java.lang.String" unique="false"
			optimistic-lock="true" lazy="false" generated="never">
			<column name="FIREWALL_NAME" not-null="false" />
		</property>

		<property name="netInfoType" type="java.lang.String" unique="false"
			optimistic-lock="true" lazy="false" generated="never">
			<column name="NETINFO_TYPE" not-null="false" />
		</property>

		<property name="ipAddress" type="java.lang.String" unique="false"
			optimistic-lock="true" lazy="false" generated="never">
			<column name="IP_ADDRESS" not-null="false" />
		</property>

		<property name="buildingName" type="java.lang.String" unique="false"
			optimistic-lock="true" lazy="false" generated="never">
			<column name="BUILDING_NAME" not-null="false" />
		</property>

		<property name="address" type="java.lang.String" unique="false"
			optimistic-lock="true" lazy="false" generated="never">
			<column name="ADDRESS" not-null="false" />
		</property>

		<property name="city" type="java.lang.String" unique="false"
			optimistic-lock="true" lazy="false" generated="never">
			<column name="CITY" not-null="false" />
		</property>

		<property name="county" type="java.lang.String" unique="false"
			optimistic-lock="true" lazy="false" generated="never">
			<column name="COUNTY" not-null="false" />
		</property>

		<property name="country" type="java.lang.String" unique="false"
			optimistic-lock="true" lazy="false" generated="never">
			<column name="COUNTRY" not-null="false" />
		</property>

		<property name="region" type="java.lang.String" unique="false"
			optimistic-lock="true" lazy="false" generated="never">
			<column name="REGION" not-null="false" />
		</property>

		<property name="approverGroups" type="java.lang.String" unique="false"
			optimistic-lock="true" lazy="false" generated="never">
			<column name="APPROVER_GROUPS" not-null="false" />
		</property>

		<property name="invalidApproverGroups" type="java.lang.String" unique="false"
			optimistic-lock="true" lazy="false" generated="never">
			<column name="INVALID_APPROVER_GROUPS" not-null="false" />
		</property>

		<property name="deviceId" type="java.lang.String" unique="false"
			optimistic-lock="true" lazy="false" generated="never">
			<column name="DEVICE_ID" not-null="false" />
		</property>

		<property name="deleteFlag" type="java.lang.String" unique="false"
			optimistic-lock="true" lazy="false" generated="never">
			<column name="DELETE_FLAG" not-null="false" />
		</property>

		<many-to-one name="firewallPolicy"
			class="com.citigroup.cgti.c3par.fw.domain.FirewallPolicy" column="POLICY_ID"
			lazy="false" cascade="all" />

	</class>
</hibernate-mapping>
