<?xml version="1.0"?>
<!DOCTYPE hibernate-mapping PUBLIC "-//Hibernate/Hibernate Mapping DTD 3.0//EN"
"http://hibernate.sourceforge.net/hibernate-mapping-3.0.dtd">
<hibernate-mapping>

	<class name="com.citigroup.cgti.c3par.admin.domain.FirewallFreeze"
		table="fw_location_freeze_period" batch-size="5">
		<id name="id" type="java.lang.Long">
			<column name="ID" sql-type="number" not-null="true" />
			<generator class="sequence">
				<param name="sequence">seq_fw_location_freeze_period</param>
			</generator>
		</id>
		
		<many-to-one name="fwPolicy"
		class="com.citigroup.cgti.c3par.fw.domain.FirewallPolicy" lazy="false" column="FW_POLICY_ID"
		cascade="none" />
		
		<property name="freezeStartDate" type="java.util.Date">
			<column name="FREEZE_START_DATE" sql-type="DATE"/>
		</property>
		<property name="freezeEndDate" type="java.util.Date">
			<column name="FREEZE_END_DATE" sql-type="DATE"/>
		</property>
		
		<property name="comments" type="java.lang.String">
			<column name="COMMENTS" sql-type="VARCHAR2(100)"/>
		</property>
		
		<property name="updatedBy" type="java.lang.String">
			<column name="UPDATED_BY" sql-type="VARCHAR2(10)"/>
		</property>
		
		<property name="updated_date" type="java.util.Date" unique="false"
			optimistic-lock="true" lazy="false" generated="never" update="false">
			<column name="UPDATED_DATE" sql-type="DATE"/>
		</property>
		
		<property name="createdBy" type="java.lang.String">
			<column name="CREATED_BY" sql-type="VARCHAR2(10)"/>
		</property>
		
		<property name="region" type="java.lang.String">
			<column name="PHYSICAL_REGION" sql-type="VARCHAR2(20)"/>
		</property>
		
		</class>
</hibernate-mapping>
