<?xml version="1.0"?>
<!DOCTYPE hibernate-mapping PUBLIC "-//Hibernate/Hibernate Mapping DTD 3.0//EN"
"http://hibernate.sourceforge.net/hibernate-mapping-3.0.dtd">
<hibernate-mapping>

	<class name="com.citigroup.cgti.c3par.admin.domain.VacationFreeze"
		table="fw_location_vacation_plan" batch-size="5">
		<id name="id" type="java.lang.Long">
			<column name="ID" sql-type="number" not-null="true" />
			<generator class="sequence">
				<param name="sequence">seq_fw_location_vacation_plan</param>
			</generator>
		</id>
		
		<many-to-one name="fwLoc"
		class="com.citigroup.cgti.c3par.common.domain.FirewallLocation" lazy="false" column="FW_LOCATION_ID"
		cascade="none" />
		
		<property name="fromDate" type="java.util.Date">
			<column name="FROM_DATE" sql-type="DATE"/>
		</property>
		<property name="toDate" type="java.util.Date">
			<column name="TO_DATE" sql-type="DATE"/>
		</property>
		
		<property name="loadAvailable" type="java.lang.String">
			<column name="LOAD_AVAILABLE" sql-type="VARCHAR2(20)"/>
		</property>
		
		<property name="updatedBy" type="java.lang.String">
			<column name="UPDATED_BY" sql-type="VARCHAR2(10)"/>
		</property>
		
		<property name="updated_date" type="java.util.Date" unique="false"
			optimistic-lock="true" lazy="false" generated="never" update="false">
			<column name="UPDATED_DATE" sql-type="DATE"/>
		</property>
		
		<property name="createdBy" type="java.lang.String">
			<column name="CREATED_BY" sql-type="VARCHAR2(10)"/>
		</property>
		
		
		</class>
</hibernate-mapping>
