<?xml version="1.0"?>
<!DOCTYPE hibernate-mapping PUBLIC "-//Hibernate/Hibernate Mapping DTD 3.0//EN"
"http://hibernate.sourceforge.net/hibernate-mapping-3.0.dtd">
<hibernate-mapping>

	<class name="com.citigroup.cgti.c3par.admin.domain.DailyLoad"
		table="fw_location_daily_load" batch-size="5">
		<id name="id" type="java.lang.Long">
			<column name="ID" sql-type="number" not-null="true" />
			<generator class="sequence">
				<param name="sequence">seq_fw_location_daily_load</param>
			</generator>
		</id>
		
		<many-to-one name="fwLoc"
		class="com.citigroup.cgti.c3par.common.domain.FirewallLocation" lazy="false" column="FW_LOCATION_ID"
		cascade="none" />
		
		<many-to-one name="genericLookup"
		class="com.citigroup.cgti.c3par.common.domain.GenericLookup" lazy="false" column="GENERIC_LOOKUP_ID"
		cascade="none" />
		
		
		<property name="loadValue" type="long">
			<column name="LOAD_VALUE" sql-type="number"/>
		</property>
		<property name="globalData" type="java.lang.String">
			<column name="GLOBAL_LOAD" sql-type="VARCHAR2(10)"/>
		</property>
		
		<property name="updatedBy" type="java.lang.String">
			<column name="UPDATED_BY" sql-type="VARCHAR2(10)"/>
		</property>
	
		
		<property name="createdBy" type="java.lang.String">
			<column name="CREATED_BY" sql-type="VARCHAR2(10)"/>
		</property>
		
		<property name="created_date" type="java.util.Date" unique="false"
			optimistic-lock="true" lazy="false" generated="never" update="false">
			<column name="CREATED_DATE" sql-type="DATE" />
		</property>
		<property name="updated_date" type="java.util.Date" unique="false"
			optimistic-lock="true" lazy="false" generated="never" update="false">
			<column name="UPDATED_DATE" sql-type="DATE" />
		</property>
		
		
		</class>
</hibernate-mapping>
