<?xml version="1.0" encoding="utf-8"?>
<!DOCTYPE hibernate-mapping PUBLIC "-//Hibernate/Hibernate Mapping DTD 3.0//EN" "http://hibernate.sourceforge.net/hibernate-mapping-3.0.dtd"[]>
<hibernate-mapping default-cascade="none">
	<class name="com.citigroup.cgti.c3par.common.domain.GenericLookup"
		table="GENERIC_LOOKUP">
		
		
		
		<id name="id" type="java.lang.Long">
			<column name="ID" sql-type="number" not-null="true" />
			<generator class="sequence">
				<param name="sequence">SEQ_GENERIC_LOOKUP</param> 
			</generator>
		</id>
		 
  
		<many-to-one name="genericLookupDef"
			class="com.citigroup.cgti.c3par.common.domain.GenericLookupDef" lazy="false">
			<column name="definition_id" not-null="true" />
		</many-to-one> 
<property name="definitionId" type="java.lang.Long" insert="false" update="false">
			<column name="definition_id" not-null="true" />
		</property>

		<property name="isDeleted" type="java.lang.String" unique="false"
			optimistic-lock="true" lazy="false" generated="never">
			<column name="DELETED" sql-type="char(1)" not-null="true"
				default="'N'" />
		</property>
		<property name="value1" type="java.lang.String" unique="false"
			optimistic-lock="true" lazy="false" generated="never">
			<column name="VALUE1" sql-type="varchar2(25)" not-null="true" />
		</property>
		<property name="value2" type="java.lang.String" unique="false"
			optimistic-lock="true" lazy="false" generated="never">
			<column name="VALUE2" sql-type="varchar2(25)" not-null="false" />
		</property>



	</class>
</hibernate-mapping> 