<?xml version="1.0" encoding="utf-8"?>
<!DOCTYPE hibernate-mapping PUBLIC "-//Hibernate/Hibernate Mapping DTD 3.0//EN" "http://hibernate.sourceforge.net/hibernate-mapping-3.0.dtd"[]>
<hibernate-mapping default-cascade="none">
	<class name="com.citigroup.cgti.c3par.common.domain.GenericLookupDef" 	table="GENERIC_LOOKUP_DEFs">
		<id name="id" column="ID">
			<generator class="sequence">
				<param name="sequence">SEQ_GENERIC_LOOKUP_DEFS</param>
			</generator>
		</id>		
		<property name="name" type="java.lang.String" unique="false" optimistic-lock="true" lazy="false" generated="never">
			<column name="NAME" sql-type="varchar2(25)" not-null="true" />
		</property>
		<property name="label1" type="java.lang.String" unique="false" optimistic-lock="true" lazy="false" generated="never">
			<column name="LABEL1" sql-type="varchar2(25)" not-null="true" />
		</property>
		<property name="label2" type="java.lang.String" unique="false" optimistic-lock="true" lazy="false" generated="never">
			<column name="LABEL2" sql-type="varchar2" not-null="false" />
		</property> 
		
		<set name="genericLookup" table="GENERIC_LOOKUP" cascade="none"  lazy="false"  >
			<key>
				<column name="DEFINITION_ID" not-null="true" />
			</key>
			<one-to-many class="com.citigroup.cgti.c3par.common.domain.GenericLookup" />                      
		</set>
	</class>
</hibernate-mapping> 