<?xml version="1.0"?>
<!DOCTYPE hibernate-mapping PUBLIC "-//Hibernate/Hibernate Mapping DTD 3.0//EN"
"http://hibernate.sourceforge.net/hibernate-mapping-3.0.dtd">
<hibernate-mapping>
	<class name="com.citigroup.cgti.c3par.fw.domain.HistoryFireWallRuleSourceIP"
		table="HISTORY_CON_FW_RULE_SOURCE_IP">
		<id name="id" type="java.lang.Long">
			<column name="ID" sql-type="number" not-null="true" />
		</id>
		<version name="updated_date" column="UPDATE_DATE" type="java.util.Date"
			generated="never" />
		<many-to-one name="fireWallRule"
			class="com.citigroup.cgti.c3par.fw.domain.HistoryFireWallRule">
			<column name="RULE_ID" />
		</many-to-one>
		<property name="ruleIPId" type="java.lang.Long">
			<column name="FW_RUL_SRC_IP_ID" />
		</property>
		<many-to-one name="updatedTIRequest"
			class="com.citigroup.cgti.c3par.domain.TIRequest" column="UPDATED_TI_REQUEST_ID"
			unique="true" lazy="false" cascade="none" />
		<many-to-one name="deletedTIRequest"
			class="com.citigroup.cgti.c3par.domain.TIRequest" column="DELETED_TI_REQUEST_ID"
			unique="true" lazy="false" cascade="none" />
		<many-to-one name="ipAddress" lazy="false"
			class="com.citigroup.cgti.c3par.fw.domain.IPAddress" column="IP_ID"
			cascade="none" />
		<property name="NAT" type="java.lang.String">
			<column name="NAT" />
		</property>
		<property name="isNew" type="java.lang.String">
			<column name="IS_NEW" />
		</property>
		<property name="created_date" type="java.util.Date" unique="false" update="false"
			optimistic-lock="true" lazy="false" generated="never">
			<column name="CREATE_DATE" sql-type="DATE" not-null="false" />
		</property>
		<property name="objRuleID" type="java.lang.Long">
			<column name="OBJ_RULE_ID" />
		</property>
	</class>
	<class name="com.citigroup.cgti.c3par.fw.domain.HistoryFireWallRuleDestinationIP"
		table="HISTORY_CON_FW_RULE_DEST_IP">
		<id name="id" type="java.lang.Long">
			<column name="ID" sql-type="number" not-null="true" />
		</id>
		<version name="updated_date" column="UPDATE_DATE" type="java.util.Date"
			generated="never" />
		<many-to-one name="fireWallRule"
			class="com.citigroup.cgti.c3par.fw.domain.HistoryFireWallRule">
			<column name="RULE_ID" />
		</many-to-one>
		<property name="ruleIPId" type="java.lang.Long">
			<column name="FW_RUL_DST_IP_ID" />
		</property>
		<many-to-one name="updatedTIRequest"
			class="com.citigroup.cgti.c3par.domain.TIRequest" column="UPDATED_TI_REQUEST_ID"
			unique="true" lazy="false" cascade="none" />
		<many-to-one name="deletedTIRequest"
			class="com.citigroup.cgti.c3par.domain.TIRequest" column="DELETED_TI_REQUEST_ID"
			unique="true" lazy="false" cascade="none" />
		<many-to-one name="ipAddress" lazy="false"
			class="com.citigroup.cgti.c3par.fw.domain.IPAddress" column="IP_ID"
			cascade="none" />
		<property name="NAT" type="java.lang.String">
			<column name="NAT" />
		</property>
		<property name="isNew" type="java.lang.String">
			<column name="IS_NEW" />
		</property>
		<property name="created_date" type="java.util.Date" unique="false" update="false"
			optimistic-lock="true" lazy="false" generated="never">
			<column name="CREATE_DATE" sql-type="DATE" not-null="false" />
		</property>
		<property name="objRuleID" type="java.lang.Long">
			<column name="OBJ_RULE_ID" />
		</property>
	</class>
</hibernate-mapping>
