<?xml version="1.0"?>
<!DOCTYPE hibernate-mapping PUBLIC "-//Hibernate/Hibernate Mapping DTD 3.0//EN"
"http://hibernate.sourceforge.net/hibernate-mapping-3.0.dtd">
<hibernate-mapping>
	<class name="com.citigroup.cgti.c3par.fw.domain.HistoryFireWallRule"
		table="HISTORY_CON_FW_RULE" batch-size="5">
		<id name="id" type="java.lang.Long">
			<column name="ID" sql-type="number" not-null="true" />
		</id>
		<version name="updated_date" column="UPDATE_DATE" type="java.util.Date"
			generated="never" />
		<property name="ruleNumber">
			<column name="RULE_NUMBER" />
		</property>
		<property name="ruleType">
			<column name="RULE_TYPE" />
		</property>
		<property name="FAFGenerated">
			<column name="FAF_GENERATED" />
		</property>
		<property name="status">
			<column name="STATUS" />
		</property>
		<property name="isNew" type="java.lang.String">
			<column name="IS_NEW" />
		</property>
		<property name="templateID">
			<column name="TMP_ID" />
		</property>
		<property name="isIpReg" type="java.lang.String">
			<column name="IS_IPREG" />
		</property>
		<property name="ruleId" type="java.lang.Long">
			<column name="CON_FW_RULE_ID" />
		</property>
        
		<many-to-one name="tiRequest" lazy="false"
			class="com.citigroup.cgti.c3par.domain.TIRequest" column="TI_REQUEST_ID"
			cascade="none" />
		<many-to-one name="updatedTIRequest" lazy="false"
			class="com.citigroup.cgti.c3par.domain.TIRequest" column="UPDATED_TI_REQUEST_ID"
			cascade="none" />
		<many-to-one name="deletedTIRequest"
			class="com.citigroup.cgti.c3par.domain.TIRequest" column="DELETED_TI_REQUEST_ID"
			cascade="none" />
		<many-to-one name="policyGroup" lazy="false"
			class="com.citigroup.cgti.c3par.fw.domain.FireWallPolicyGroup"
			column="POLICY_GROUP_ID" cascade="none" />
		<many-to-one name="policy" lazy="false"
			class="com.citigroup.cgti.c3par.fw.domain.FirewallPolicy" column="POLICY_ID"
			cascade="none" />

		<many-to-one name="sourceObject" lazy="false" 
			class="com.citigroup.cgti.c3par.fw.domain.IPAddress" column="SRC_OBJ_ID"
			cascade="save-update" />
		<many-to-one name="destinationObject" lazy="false" 
			class="com.citigroup.cgti.c3par.fw.domain.IPAddress" column="DST_OBJ_ID"
			cascade="save-update" />
		<many-to-one name="portObject" lazy="false" 
			class="com.citigroup.cgti.c3par.fw.domain.Port" column="PRT_OBJ_ID"
			cascade="save-update" />
		<bag name="policies" table="HISTORY_CON_FW_RULE_POLICY" lazy="true" order-by="id desc"
			cascade="save-update">
			<key>
				<column name="RULE_ID" not-null="true" />
			</key>
			<one-to-many
				class="com.citigroup.cgti.c3par.fw.domain.HistoryFirewallRulePolicy" />			
			<filter name="excludeDeleted" condition="(deleted_ti_request_id is null)" />
		</bag>
		<bag name="sourceIPs" table="HISTORY_CON_FW_RULE_SOURCE_IP" lazy="true" order-by="id desc"
			cascade="save-update">
			<key>
				<column name="RULE_ID" not-null="true" />
			</key>

			<one-to-many
				class="com.citigroup.cgti.c3par.fw.domain.HistoryFireWallRuleSourceIP" />			
			<filter name="excludeDeleted" condition="(deleted_ti_request_id is null)" />
		</bag>
		<bag name="destinationIPs" table="HISTORY_CON_FW_RULE_DESTINATION_IP" order-by="id desc"
			lazy="true" cascade="save-update">
			<key>
				<column name="RULE_ID" not-null="true" />
			</key>

			<one-to-many
				class="com.citigroup.cgti.c3par.fw.domain.HistoryFireWallRuleDestinationIP" />
			<filter name="excludeDeleted" condition="(deleted_ti_request_id is null)" />
		</bag>
		<bag name="ports" table="HISTORY_CON_FW_RULE_PORT" lazy="true" cascade="save-update" order-by="id desc">
			<key>
				<column name="RULE_ID" not-null="true" />
			</key>

			<one-to-many class="com.citigroup.cgti.c3par.fw.domain.HistoryFireWallRulePort" />
			<filter name="excludeDeleted" condition="(deleted_ti_request_id is null)" />
		</bag>
		<many-to-one name="sourceZone"
			class="com.citigroup.cgti.c3par.fw.domain.FireWallZone" column="SRC_ZONE_ID"
			lazy="false" cascade="none" />
		<many-to-one name="destinationZone"
			class="com.citigroup.cgti.c3par.fw.domain.FireWallZone" column="DST_ZONE_ID"
			lazy="false" cascade="none" />
		<many-to-one name="sourceNetworkZone"
			class="com.citigroup.cgti.c3par.common.domain.ResourceType" column="SRC_NWZONE_ID"
			lazy="false" cascade="none" />
		<many-to-one name="destinationNetworkZone"
			class="com.citigroup.cgti.c3par.common.domain.ResourceType" column="DST_NWZONE_ID"
			lazy="false" cascade="none" />
		<property name="created_date" type="java.util.Date" unique="false"
			optimistic-lock="true" lazy="false" generated="never" update="false">
			<column name="CREATE_DATE" sql-type="DATE" not-null="true" />
		</property>
	</class>
</hibernate-mapping>
