<?xml version="1.0"?>
<!DOCTYPE hibernate-mapping PUBLIC "-//Hibernate/Hibernate Mapping DTD 3.0//EN"
"http://hibernate.sourceforge.net/hibernate-mapping-3.0.dtd">
<hibernate-mapping>
	<class name="com.citigroup.cgti.c3par.fw.domain.HistoryFirewallRulePolicy"
		table="HISTORY_CON_FW_RULE_POLICY">
		<id name="id" type="java.lang.Long">
			<column name="ID" sql-type="number" not-null="true" />
		</id>
		<version name="updated_date" column="UPDATE_DATE" type="java.util.Date"
			generated="never" />
		<many-to-one name="fireWallRule"
			class="com.citigroup.cgti.c3par.fw.domain.HistoryFireWallRule" fetch="select">
			<column name="RULE_ID" />
		</many-to-one>
		<property name="rulePolicyId" type="java.lang.Long">
			<column name="FW_RUL_POLICY_ID" />
		</property>
		<many-to-one name="updatedTIRequest"
			class="com.citigroup.cgti.c3par.domain.TIRequest" column="UPDATED_TI_REQUEST_ID"
			unique="true" lazy="false" cascade="none" />
		<many-to-one name="deletedTIRequest"
			class="com.citigroup.cgti.c3par.domain.TIRequest" column="DELETED_TI_REQUEST_ID"
			unique="true" lazy="false" cascade="none" />
		<many-to-one name="firewallPolicy"
			class="com.citigroup.cgti.c3par.fw.domain.FirewallPolicy" lazy="false" column="POLICY_ID"
			cascade="none" />
		<property name="created_date" type="java.util.Date" unique="false"
			update="false" optimistic-lock="true" lazy="false" generated="never">
			<column name="CREATE_DATE" sql-type="DATE" not-null="false" />
		</property>
		<property name="isNew" type="java.lang.String">
			<column name="IS_NEW" />
		</property>
	</class>
</hibernate-mapping>
