<?xml version="1.0"?>
<!DOCTYPE hibernate-mapping PUBLIC "-//Hibernate/Hibernate Mapping DTD 3.0//EN"
"http://hibernate.sourceforge.net/hibernate-mapping-3.0.dtd">
<hibernate-mapping>
	<class name="com.citigroup.cgti.c3par.common.domain.HistoryContact"	table="HISTORY_CON_CITI_CONTACT">
		<id name="id" type="java.lang.Long">
			<column name="ID" sql-type="number" not-null="true" />
			<generator class="sequence">
				<param name="sequence">SEQ_HISTORY_CON_CITI_CONTACT</param>
			</generator>
		</id>
		<property name="contactId" type="java.lang.Long">
			<column name="CITI_CONTACT_ID"/>
		</property>
		<property name="roleId" type="java.lang.Long">
			<column name="ROLE_ID"/>
		</property>
		<property name="primaryContact" type="java.lang.String">
			<column name="PRIMARY_CONTACT"/>
		</property>
		<property name="notifyContact" type="java.lang.String">
			<column name="NOTIFY_CONTACT"/>
		</property>
		<property name="systemGenerated" type="java.lang.String">
			<column name="SYSTEM_GENERATED"/>
		</property>
		<property name="created_date" type="java.util.Date" unique="false" optimistic-lock="true" lazy="false" generated="never">
	      <column name="CREATED_DATE" sql-type="DATE" not-null="false" />
	    </property>
	</class>
</hibernate-mapping>
