<?xml version="1.0"?>
<!DOCTYPE hibernate-mapping PUBLIC "-//Hibernate/Hibernate Mapping DTD 3.0//EN"
"http://hibernate.sourceforge.net/hibernate-mapping-3.0.dtd">
<hibernate-mapping>


	<class name="com.citigroup.cgti.c3par.fw.domain.FafFirewallRuleSuggestion"
		table="IMPL_FAF_FW_RULE" batch-size="5">
		<id name="id" type="java.lang.Long">
			<column name="ID" sql-type="number" not-null="true" />
			<generator class="sequence">
				<param name="sequence">SEQ_IMPL_FAF_FW_RULE</param>
			</generator>

		</id>
		<version name="updated_date" column="UPDATED_DATE" type="java.util.Date"
			generated="never" />

		<many-to-one name="fafFirewallRule" lazy="false"
			class="com.citigroup.cgti.c3par.fw.domain.FafFirewallRule">
			<column name="FAF_FW_RULE_ID" />
		</many-to-one>


		<many-to-one name="policy" lazy="false"
			class="com.citigroup.cgti.c3par.fw.domain.FirewallPolicy" column="POLICY_ID"
			cascade="none" />

		<set name="sourceIPs" table="IMPL_FAF_FW_RULE_SRC_OBJ" lazy="false"
			order-by="id desc" cascade="save-update">
			<key>
				<column name="IMPL_FAF_FW_RULE_ID" not-null="true" />
			</key>

			<one-to-many
				class="com.citigroup.cgti.c3par.fw.domain.FafFirewallRuleSourceIpObj" />

		</set>
		<set name="destinationIPs" table="IMPL_FAF_FW_RULE_DEST_OBJ"
			order-by="id desc" lazy="false" cascade="save-update">
			<key>
				<column name="IMPL_FAF_FW_RULE_ID" not-null="true" />
			</key>

			<one-to-many
				class="com.citigroup.cgti.c3par.fw.domain.FafFirewallRuleDestinationIpObj" />

		</set>
		<set name="ports" table="IMPL_FAF_FW_RULE_PORT" lazy="false"
			cascade="save-update" order-by="id desc">
			<key>
				<column name="IMPL_FAF_FW_RULE_ID" not-null="true" />
			</key>

			<one-to-many
				class="com.citigroup.cgti.c3par.fw.domain.FafFirewallRulePortObj" />

		</set>
		<many-to-one name="sourceZone"
			class="com.citigroup.cgti.c3par.fw.domain.FireWallZone" column="FROM_ZONE_ID"
			lazy="false" cascade="none" />
		<many-to-one name="destinationZone"
			class="com.citigroup.cgti.c3par.fw.domain.FireWallZone" column="TO_ZONE_ID"
			lazy="false" cascade="none" />
		<many-to-one name="sourceNetworkZone"
			class="com.citigroup.cgti.c3par.common.domain.ResourceType" column="SRC_NWZONE_ID"
			lazy="false" cascade="none" />
		<many-to-one name="destinationNetworkZone"
			class="com.citigroup.cgti.c3par.common.domain.ResourceType" column="DSC_NWZONE_ID"
			lazy="false" cascade="none" />
		<property name="created_date" type="java.util.Date" unique="false"
			optimistic-lock="true" lazy="false" generated="never" update="false">
			<column name="CREATED_DATE" sql-type="DATE" not-null="true" />
		</property>
		<property name="action">
			<column name="ACTION" />
		</property>
		<property name="status">
			<column name="STATUS" />
		</property>
		<property name="ruleNumber">
			<column name="RULE_NUMBER" />
		</property>
		<property name="subTicketNo">
			<column name="SUB_TICKET_NO" />
		</property>
		<property name="ffPolicyName">
			<column name="FF_POLICY_NAME" />
		</property>
		<property name="firewallBrand">
			<column name="FIEWALL_BRAND" />
		</property>
		<property name="ffDeviceName">
			<column name="FF_DEVICE_NAME" />
		</property>
		<property name="subTicketStatus">
			<column name="SUB_TICKET_STATUS" />
		</property>
		<property name="ffComment">
			<column name="FF_COMMENT" />
		</property>
	</class>



</hibernate-mapping>
