<?xml version="1.0"?>
<!DOCTYPE hibernate-mapping PUBLIC "-//Hibernate/Hibernate Mapping DTD 3.0//EN"
"http://hibernate.sourceforge.net/hibernate-mapping-3.0.dtd">
<hibernate-mapping>
	<class name="com.citigroup.cgti.c3par.fw.domain.FafFirewallRuleSourceIpObj"
		table="IMPL_FAF_FW_RULE_SRC_OBJ">
		<id name="id" type="java.lang.Long">
			<column name="ID" sql-type="number" not-null="true" />

			<generator class="sequence">
				<param name="sequence">SEQ_IMPL_FAF_FW_RULE_SRC_OBJ</param>
			</generator>

		</id>
		<version name="updated_date" column="UPDATED_DATE" type="java.util.Date"
			generated="never" />
		<many-to-one name="implFafFirewallRule"
			class="com.citigroup.cgti.c3par.fw.domain.FafFirewallRuleSuggestion">
			<column name="IMPL_FAF_FW_RULE_ID" />
		</many-to-one>

		<many-to-one name="ipAddress" lazy="false"
			class="com.citigroup.cgti.c3par.fw.domain.IPAddressObj" column="IP_ID"
			cascade="save-update" />
		<property name="NAT" type="java.lang.String">
			<column name="NAT_IP" />
		</property>
		<property name="currentValueFlag" type="java.lang.String">
			<column name="current_value_flag" />
		</property>
		<property name="created_date" type="java.util.Date" unique="false"
			update="false" optimistic-lock="true" lazy="false" generated="never">
			<column name="CREATED_DATE" sql-type="DATE" not-null="false" />
		</property>

	</class>
	<class
		name="com.citigroup.cgti.c3par.fw.domain.FafFirewallRuleDestinationIpObj"
		table="IMPL_FAF_FW_RULE_DEST_OBJ">
		<id name="id" type="java.lang.Long">
			<column name="ID" sql-type="number" not-null="true" />

			<generator class="sequence">
				<param name="sequence">SEQ_IMPL_FAF_FW_RULE_DEST_OBJ</param>
			</generator>

		</id>
		<version name="updated_date" column="UPDATED_DATE" type="java.util.Date"
			generated="never" />
		<many-to-one name="implFafFirewallRule"
			class="com.citigroup.cgti.c3par.fw.domain.FafFirewallRuleSuggestion">
			<column name="IMPL_FAF_FW_RULE_ID" />
		</many-to-one>


		<many-to-one name="ipAddress" lazy="false"
			class="com.citigroup.cgti.c3par.fw.domain.IPAddressObj" column="IP_ID"
			cascade="save-update" />
		<property name="NAT" type="java.lang.String">
			<column name="NAT_IP" />
		</property>
		<property name="currentValueFlag" type="java.lang.String">
			<column name="current_value_flag" />
		</property>
		<property name="created_date" type="java.util.Date" unique="false"
			update="false" optimistic-lock="true" lazy="false" generated="never">
			<column name="CREATED_DATE" sql-type="DATE" not-null="false" />
		</property>

	</class>
</hibernate-mapping>
