<?xml version="1.0"?>
<!DOCTYPE hibernate-mapping PUBLIC "-//Hibernate/Hibernate Mapping DTD 3.0//EN"
"http://hibernate.sourceforge.net/hibernate-mapping-3.0.dtd">
<hibernate-mapping>
	<class name="com.citigroup.cgti.inbox.entity.InboxRoleRef" table="INBOXVIEW_ROLE_REF"
		batch-size="5">
		<id name="id" type="java.lang.Long">
			<column name="ID" sql-type="number" not-null="true" />
		</id>
		<property name="inboxviewId" type="java.lang.Long">
			<column name="INBOX_VIEW_ID" sql-type="number"/>
		</property>
		<property name="securityRoleId" type="java.lang.Long">
			<column name="SECURITY_ROLE_ID" sql-type="number"/>
		</property>
		<property name="createdDate" type="java.sql.Timestamp">
			<column name="CREATED_DATE" sql-type="TIMESTAMP(6)" />
		</property>
		<property name="updatedDate" type="java.sql.Timestamp">
			<column name="UPDATED_DATE" sql-type="TIMESTAMP(6)" />
		</property>
		<property name="deleteFlag" type="java.lang.String">
			<column name="DELETE_FLAG" sql-type="VARCHAR2(1)" />
		</property>
	</class>
</hibernate-mapping>
