<?xml version="1.0" encoding="UTF-8"?>
<!DOCTYPE hibernate-mapping PUBLIC "-//Hibernate/Hibernate Mapping DTD 3.0//EN"
"http://hibernate.sourceforge.net/hibernate-mapping-3.0.dtd">
<hibernate-mapping>
	<class name="com.citigroup.cgti.inbox.entity.InboxCustomView"
		table="INBOX_CUSTOM_VIEW" batch-size="5">
		<id name="id" type="java.lang.Long" unsaved-value="-1">
			<column name="ID" sql-type="number" not-null="true" />
			<generator class="sequence">
				<param name="sequence">SEQ_CUSTOM_VIEW</param>
			</generator>
		</id>
		<property name="userId" type="java.lang.Long">
			<column name="USER_ID" sql-type="number" />
		</property>
		<property name="viewName" type="java.lang.String">
			<column name="VIEW_NAME" sql-type="VARCHAR2(500)" />
		</property>
		<property name="viewCode" type="java.lang.String">
			<column name="VIEW_CODE" sql-type="VARCHAR2(500)" />
		</property>
		<property name="conditionValue" type="java.lang.String">
			<column name="CONDITION_VALUE" sql-type="VARCHAR2(500)"/>
		</property>
		<property name="groupViewBy" type="java.lang.Long">
			<column name="GROUPVIEW_BY" sql-type="number" />
		</property>
		<property name="createdDate" type="java.sql.Timestamp">
			<column name="CREATED_DATE" sql-type="TIMESTAMP(6)" />
		</property>
		<property name="updatedDate" type="java.sql.Timestamp">
			<column name="UPDATED_DATE" sql-type="TIMESTAMP(6)" />
		</property>
		<property name="deletedFlag" type="java.lang.String">
			<column name="DELETE_FLAG" sql-type="VARCHAR2(1)" />
		</property>
	</class>
</hibernate-mapping>