<?xml version="1.0"?>
<!DOCTYPE hibernate-mapping PUBLIC "-//Hibernate/Hibernate Mapping DTD 3.0//EN"
"http://hibernate.sourceforge.net/hibernate-mapping-3.0.dtd">
<hibernate-mapping>
	<class name="com.citigroup.cgti.inbox.entity.InboxView" table="INBOX_VIEW"
		batch-size="5">
		<id name="id" type="java.lang.Long">
			<column name="ID" sql-type="number" not-null="true" />
		</id>
		<property name="viewName" type="java.lang.String">
			<column name="VIEW_NAME" sql-type="VARCHAR2(1000)" />
		</property>
		<property name="viewCode" type="java.lang.String">
			<column name="VIEW_CODE" sql-type="VARCHAR2(20)" />
		</property>
		<property name="createdDate" type="java.sql.Timestamp">
			<column name="CREATED_DATE" sql-type="TIMESTAMP(6)" />
		</property>
		<property name="updatedDate" type="java.sql.Timestamp">
			<column name="UPDATED_DATE" sql-type="TIMESTAMP(6)" />
		</property>
		<property name="deleteFlag" type="java.lang.String">
			<column name="DELETE_FLAG" sql-type="VARCHAR2(1)" />
		</property>
		<property name="groupViewBy" type="java.lang.Long">
			<column name="GROUPVIEW_BY" sql-type="number" />
		</property>
		<set name="viewConditionSet" table="INBOX_VIEW_CONDITION" inverse="true" 
			lazy="true" fetch="select" order-by="id asc" >
			<key>
				<column name="INBOX_VIEW_ID" not-null="true" />
			</key>
			<one-to-many class="com.citigroup.cgti.inbox.entity.InboxViewCondition"  />
		</set>

	</class>
</hibernate-mapping>
