<?xml version="1.0"?>
<!DOCTYPE hibernate-mapping PUBLIC "-//Hibernate/Hibernate Mapping DTD 3.0//EN"
"http://hibernate.sourceforge.net/hibernate-mapping-3.0.dtd">
<hibernate-mapping>
	<class name="com.citigroup.cgti.inbox.entity.InboxViewCondition"
		table="INBOX_VIEW_CONDITION" batch-size="5">
		<id name="id" type="java.lang.Long">
			<column name="ID" sql-type="number" not-null="true" />
		</id>	
		<property name="inboxviewId" type="java.lang.Long">
			<column name="INBOX_VIEW_ID" sql-type="number"/>
		</property>	
		<property name="conditionName" type="java.lang.String">
			<column name="CONDITION_NAME" sql-type="VARCHAR2(500)"/>
		</property>	
		<property name="conditionValue" type="java.lang.String">
			<column name="CONDITION_VALUE" sql-type="VARCHAR2(500)"/>
		</property>	
		<property name="operator" type="java.lang.String">
			<column name="OPERATOR" sql-type="VARCHAR2(20)"/>
		</property>	
		<property name="createdDate" type="java.sql.Timestamp">
			<column name="CREATED_DATE" sql-type="TIMESTAMP(6)"/>
		</property>	
		<property name="updatedDate" type="java.sql.Timestamp">
			<column name="UPDATED_DATE" sql-type="TIMESTAMP(6)"/>
		</property>	
		<property name="deleteFlag" type="java.lang.String">
			<column name="DELETE_FLAG" sql-type="VARCHAR2(1)"/>
		</property>	
	</class>
</hibernate-mapping>
