<?xml version="1.0" encoding="utf-8"?>
<!DOCTYPE hibernate-mapping PUBLIC "-//Hibernate/Hibernate Mapping DTD 3.0//EN" "http://hibernate.sourceforge.net/hibernate-mapping-3.0.dtd"[]>
<hibernate-mapping default-cascade="none"
	default-access="property" default-lazy="true" auto-import="true">
	<class name="com.citigroup.cgti.c3par.fw.domain.IPAddress" table="CON_IP_MASTER"
		mutable="true" polymorphism="implicit" dynamic-update="false"
		dynamic-insert="false" select-before-update="false" optimistic-lock="version">
		<meta attribute="class-description" inherit="true">
			business object.
		</meta>
		<id name="id" type="long" unsaved-value="-1">
			<column name="ID" sql-type="number" not-null="true" />
			<generator class="sequence">
				<param name="sequence">SEQ_CON_IP_MASTER</param>
			</generator>
		</id>
		<property name="ipAddress" type="java.lang.String" unique="false"
			optimistic-lock="true" lazy="false" generated="never">
			<column name="IP_ADDRESS" sql-type="varchar2(25)" not-null="false" />
		</property>
		<property name="formattedIP" type="java.lang.String" unique="false"
			optimistic-lock="true" lazy="false" generated="never">
			<column name="FORMATTED_IP" sql-type="varchar2(25)" not-null="false" />
		</property>
		<property name="startIP" type="java.lang.String" unique="false"
			optimistic-lock="true" lazy="false" generated="never">
			<column name="START_IP_ADDRESS" sql-type="varchar2(25)"
				not-null="false" />
		</property>
		<property name="formattedStartIP" type="java.lang.String"
			unique="false" optimistic-lock="true" lazy="false" generated="never">
			<column name="FORMATTED_START_IP" sql-type="varchar2(25)"
				not-null="false" />
		</property>
		<property name="endIP" type="java.lang.String" unique="false"
			optimistic-lock="true" lazy="false" generated="never">
			<column name="END_IP_ADDRESS" sql-type="varchar2(25)"
				not-null="false" />
		</property>
		<property name="formattedEndIP" type="java.lang.String"
			unique="false" optimistic-lock="true" lazy="false" generated="never">
			<column name="FORMATTED_END_IP" sql-type="varchar2(25)"
				not-null="false" />
		</property>

		<property name="subnet" type="java.lang.String" unique="false"
			optimistic-lock="true" lazy="false" generated="never">
			<column name="SUBNET" not-null="false" />
		</property>
		<property name="noOfHost" type="java.lang.Integer" unique="false"
			optimistic-lock="true" lazy="false" generated="never">
			<column name="NO_OF_HOST" not-null="false" />
		</property>
		<property name="broadCastAddress" type="java.lang.String"
			unique="false" optimistic-lock="true" lazy="false" generated="never">
			<column name="BROADCAST_ADDRESS" not-null="false" />
		</property>
		<property name="resourceType" type="java.lang.Integer"
			unique="false" optimistic-lock="true" lazy="false" generated="never">
			<column name="RESOURCE_TYPE" not-null="false" />
		</property>
		<property name="templateFlag" type="java.lang.String" unique="false"
			optimistic-lock="true" lazy="false" generated="never">
			<column name="TEMPLATE_FLAG" not-null="false" />
		</property>
		<property name="tpaFlag" type="java.lang.String" unique="false"
			optimistic-lock="true" lazy="false" generated="never">
			<column name="IS_TPA" not-null="false" />
		</property>
		<property name="ofacFlag" type="java.lang.String" unique="false"
			optimistic-lock="true" lazy="false" generated="never">
			<column name="IS_OFAC" not-null="false" />
		</property>
		<property name="anyIP" type="java.lang.String" unique="false"
			optimistic-lock="true" lazy="false" generated="never">
			<column name="IS_ANY_IP" not-null="false" />
		</property>
		<property name="created_date" type="java.util.Date" unique="false"
			optimistic-lock="true" lazy="false" generated="never">
			<column name="CREATED_DATE" sql-type="DATE" not-null="false" />
		</property>
		<property name="updated_date" type="java.util.Date" unique="false"
			optimistic-lock="true" lazy="false" generated="never">
			<column name="UPDATED_DATE" sql-type="DATE" not-null="false" />
		</property>
		<property name="AFAObjectName" type="java.lang.String"
			unique="false" optimistic-lock="true" lazy="false" generated="never">
			<column name="AFA_OBJ_NAME" sql-type="varchar2(100)" not-null="false" />
		</property>
	</class>
</hibernate-mapping>