<?xml version="1.0" encoding="utf-8"?>
<!DOCTYPE hibernate-mapping PUBLIC "-//Hibernate/Hibernate Mapping DTD 3.0//EN" "http://hibernate.sourceforge.net/hibernate-mapping-3.0.dtd"[]>
<hibernate-mapping>
	<class name="com.citigroup.cgti.c3par.fw.domain.IPAddressObj"	table="CON_IP_OBJECT">
		<id name="id" type="long" unsaved-value="-1">
			<column name="ID" sql-type="number" not-null="true" />
			<generator class="sequence">
				<param name="sequence">SEQ_CON_IP_OBJECT</param>
			</generator>
		</id>
		<version name="updated_date" column="UPDATED_DATE" type="java.util.Date" generated="never" />
		<property name="ipAddress" type="java.lang.String" unique="false"
			optimistic-lock="true" lazy="false" generated="never">
			<column name="IP_OBJECT_NAME" sql-type="varchar2(100)" not-null="false" />
		</property>
		<property name="created_date" type="java.util.Date" unique="false"
			update="false" optimistic-lock="true" lazy="false" generated="never">
			<column name="CREATED_DATE" sql-type="DATE" not-null="false" />
		</property>
	
			
	</class>
</hibernate-mapping>