<?xml version="1.0"?>
<!DOCTYPE hibernate-mapping PUBLIC "-//Hibernate/Hibernate Mapping DTD 3.0//EN"
"http://hibernate.sourceforge.net/hibernate-mapping-3.0.dtd">
<hibernate-mapping>

	<class name="com.citigroup.cgti.c3par.common.domain.ISOContacts" table="ISO_CONTACTS">
		
		<id name="id" type="java.lang.Long">
			<column name="ID" sql-type="number" not-null="true" />			
			<generator class="sequence">
				<param name="sequence">SEQ_ISO_CONTACTS</param>
			</generator>
		</id>
	
		<property name="soeID" type="java.lang.String">
			<column name="soe_id" sql-type="VARCHAR2(100)"/>
		</property>
		
		<property name="isDeleted" type="java.lang.String">
			<column name="is_deleted" sql-type="VARCHAR2(1)" />
		</property>
				
		<property name="created_date" type="java.util.Date" unique="false"
			optimistic-lock="true" lazy="false" generated="never" update="false">
			<column name="CREATED_DATE" sql-type="DATE" not-null="true"/>
		</property>
		
		<property name="updated_date" type="java.util.Date">
			<column name="UPDATED_DATE" sql-type="DATE" not-null="true"/>
		</property>
				
	</class>	
	
</hibernate-mapping>
