<?xml version="1.0"?>
<!DOCTYPE hibernate-mapping PUBLIC "-//Hibernate/Hibernate Mapping DTD 3.0//EN"
"http://hibernate.sourceforge.net/hibernate-mapping-3.0.dtd">
<hibernate-mapping>
	<class name="com.citigroup.cgti.c3par.relationship.domain.Location"
		table="LOCATION" batch-size="5">
		<id name="id" type="java.lang.Long">
			<column name="ID" sql-type="number" not-null="true" />
			<generator class="sequence">
				<param name="sequence">SEQ_LOCATION</param>
			</generator>
		</id>
		<many-to-one name="countryId" lazy="false" class="com.citigroup.cgti.c3par.common.domain.GenericLookup" column="COUNTRY_ID" unique="false" cascade="none"/>
		<many-to-one name="regionId" lazy="false" class="com.citigroup.cgti.c3par.common.domain.GenericLookup" column="REGION_ID" unique="false" cascade="none"/>
		<many-to-one name="ownedById" lazy="false" class="com.citigroup.cgti.c3par.user.domain.C3parUsrRelXref" column="OWNEDBY_ID" unique="false" cascade="none"/>
		<property name="address" type="java.lang.String">
	      	<column name="ADDRESS" not-null="false" />
	    </property>
		<property name="address2" type="java.lang.String">
	      	<column name="ADDRESS2" not-null="false" />
	    </property>
		<property name="city" type="java.lang.String">
	      	<column name="CITY" sql-type="NUMBER" not-null="false" />
	    </property>
		<property name="state" type="java.lang.String">
	      	<column name="STATE" not-null="false" />
	    </property>
		<property name="zip" type="java.lang.String">
	      	<column name="ZIP" not-null="false" />
	    </property>
	    <property name="department" type="java.lang.String">
	      	<column name="DEPARTMENT"  not-null="false" />
	    </property>
		<property name="assessmentId" type="java.lang.String">
	      	<column name="ASSESMENT_ID" not-null="false" />
	    </property>
	    <property name="assessmentDesc" type="java.lang.String">
	      	<column name="ASESSMENT_DESC" sql-type="NUMBER" not-null="false" />
	    </property>
	    <property name="siteDetailId" type="java.lang.Long">
	      	<column name="SITE_DETAIL_ID" sql-type="NUMBER" not-null="false" />
	    </property>
	</class>	
</hibernate-mapping>