<?xml version="1.0" encoding="utf-8"?>
<!DOCTYPE hibernate-mapping PUBLIC "-//Hibernate/Hibernate Mapping DTD 3.0//EN" "http://hibernate.sourceforge.net/hibernate-mapping-3.0.dtd"[]>
<hibernate-mapping default-cascade="none" default-access="property" default-lazy="true" auto-import="true">
	<class name="com.citigroup.cgti.c3par.domain.Maintenance" table="MAINTENANCE" mutable="true" polymorphism="implicit" dynamic-update="false" 
				dynamic-insert="false" select-before-update="false" optimistic-lock="version">
    	<meta attribute="class-description" inherit="true">@author Prakash C</meta>
    	
	    <id name="id" type="long" unsaved-value="-1">
	      <column name="ID" sql-type="number" not-null="true" />
	    </id>
	
		<property name="updateType" type="java.lang.String">
	      	<column name="UPDATE_TYPE" not-null="false" />
	    </property>	    
	    
		<many-to-one name="connection" lazy="false" 
				class="com.citigroup.cgti.c3par.domain.Connection" column="CONNECTION_ID" cascade="none"/>
		
		<many-to-one name="planning" lazy="false"
			class="com.citigroup.cgti.c3par.domain.Planning" column="PLANNING_ID" cascade="none" />
			
		<property name="requestComment" type="java.lang.String">
	      	<column name="REQUEST_COMMENT" not-null="false" />
	    </property>	    
	    
		<property name="status" type="java.lang.String">
	      	<column name="STATUS" not-null="false" />
	    </property>	    
	    
	</class>
</hibernate-mapping>