<?xml version="1.0" encoding="utf-8"?>
<!DOCTYPE hibernate-mapping PUBLIC "-//Hibernate/Hibernate Mapping DTD 3.0//EN" "http://hibernate.sourceforge.net/hibernate-mapping-3.0.dtd"[]>
<hibernate-mapping default-cascade="none" default-access="property" default-lazy="true" auto-import="true">
	<class name="com.citigroup.cgti.ccr.workflow.domain.MigratedRecordsHistory" table="MIGRATED_RECORDS_HISTORY" mutable="true" polymorphism="implicit" dynamic-update="false" 
				dynamic-insert="false" select-before-update="false" optimistic-lock="version">

	 <id name="id" type="long" unsaved-value="-1">
    	 <column name="ID" sql-type="number" not-null="true" />
      	<generator class="sequence"> 
			<param name="sequence">MIGRATED_RECORDS_HISTORY_SEQ</param>
		</generator>
    </id>    
    
    <property name="processId" type="long" unique="false" >
        <column name="PROCESS_ID" sql-type="number" not-null="false" />
    </property>
    
	<property name="tiRequestId" type="long" unique="false" >
        <column name="TI_REQUEST_ID" sql-type="number" not-null="false" />
    </property>
    
    <property name="startDate" type="java.util.Date" >
      <column name="START_DATE" sql-type="DATE" not-null="false" />
    </property>
    
     <property name="migrated" type="java.lang.String">
        <column name="MIGRATED" sql-type="varchar2(250)" not-null="false" />
    </property>
    
     <property name="endData" type="java.util.Date" >
      <column name="END_DATE" sql-type="DATE" not-null="false" />
    </property>
    
     <property name="errorLog" type="java.util.Date" >
      <column name="ERROR_LOG" sql-type="DATE" not-null="false" />
    </property>
     <property name="obpmActivityCode" type="java.lang.String" >
      <column name="OBPM_ACTIVITY_CODE" sql-type="varchar2(250)" not-null="false" />
    </property>
     <property name="jpbmActivityCode" type="java.lang.String" >
      <column name="JBPM_ACTIVITY_CODE" sql-type="varchar2(250)" not-null="false" />
    </property>
     <property name="jbpmSOEID" type="java.lang.String">
			<column name="JBPM_SOEID_ID" sql-type="varchar2(4000)"/>
   </property>
     <property name="obpmSOEID" type="java.lang.String">
			<column name="OBPM_SOEID_ID" sql-type="varchar2(4000)"/>
   </property>
	</class>	
</hibernate-mapping>
