<?xml version="1.0"?>
<!DOCTYPE hibernate-mapping PUBLIC "-//Hibernate/Hibernate Mapping DTD 3.0//EN"
"http://hibernate.sourceforge.net/hibernate-mapping-3.0.dtd">
<hibernate-mapping>
	<class name="com.citigroup.cgti.c3par.oneapproval.OneApprovalMessageLog"
		table="ONEAPPROVAL_MSG_LOG">
		<id name="id" type="java.lang.Long">
			<column name="ID" sql-type="number" not-null="true" />
			<generator class="sequence">
				<param name="sequence">SEQ_ONEAPPROVAL_MSG_LOG</param>
			</generator>
		</id>
		<bag name="oneApprovalmsgTextList" table="ONEAPPROVAL_MSG_TEXT" lazy="false" order-by="id"
			cascade="save-update">
			<key>
				<column name="MESSAGE_LOG_ID" not-null="true" />
			</key>
			<one-to-many
				class="com.citigroup.cgti.c3par.oneapproval.OneApprovalMessageText" />			
		</bag>	
		<property name="tiRequestId" type="java.lang.Long">
			<column name="TI_REQUEST_ID" />
		</property>
		<property name="activity" type="java.lang.String">
			<column name="ACTIVITY"/>
		</property>
		<property name="orderId" type="java.lang.String">
			<column name="ORDER_ID"/>
		</property>
		<property name="orderingSystemMappingId" type="java.lang.String">
			<column name="ORDER_SYSTEM_MAPPING_ID"/>
		</property>
		<property name="approvalSystemMappingId" type="java.lang.String">
			<column name="APPROVAL_SYSTEM_MAP_ID"/>
		</property>
		<property name="originalApprover" type="java.lang.String">
			<column name="ORIGINAL_APPROVER"/>
		</property>
		<property name="alternateApprover" type="java.lang.String">
			<column name="alternate_approver"/>
		</property>
		<property name="approverType" type="java.lang.String">
			<column name="approver_type"/>
		</property>
		<property name="created_date" type="java.util.Date" unique="false"
			optimistic-lock="true" lazy="false" generated="never" update="true">
			<column name="CREATED_DATE" sql-type="DATE"/>
		</property>
		<property name="updated_date" type="java.util.Date" unique="false"
			optimistic-lock="true" lazy="false" generated="never" update="true">
			<column name="UPDATED_DATE" sql-type="DATE" />
		</property>
	</class>
</hibernate-mapping>
