<?xml version="1.0"?>
<!DOCTYPE hibernate-mapping PUBLIC "-//Hibernate/Hibernate Mapping DTD 3.0//EN"
"http://hibernate.sourceforge.net/hibernate-mapping-3.0.dtd">
<hibernate-mapping>
	<class name="com.citigroup.cgti.c3par.oneapproval.OneApprovalMessageText"
		table="ONEAPPROVAL_MSG_TEXT">
		<id name="id" type="java.lang.Long">
			<column name="ID" sql-type="number" not-null="true" />
			<generator class="sequence">
				<param name="sequence">SEQ_ONEAPPROVAL_MSG_TEXT</param>
			</generator>
		</id>
		<many-to-one name="oneApprovalMessageLog"
			class="com.citigroup.cgti.c3par.oneapproval.OneApprovalMessageLog">
			<column name="MESSAGE_LOG_ID" />
		</many-to-one>
		<property name="messageType" type="java.lang.String">
			<column name="MESSAGE_TYPE"/>
		</property>
		<property name="messageText" type="java.sql.Clob">
			<column name="MESSAGE_TEXT"/>
		</property>
		<property name="updatedByGEId" type="java.lang.String">
			<column name="UPDATED_BY_GE_ID"/>
		</property>
		<property name="status" type="java.lang.String">
			<column name="STATUS"/>
		</property>
		<property name="comments" type="java.lang.String">
			<column name="COMMENTS"/>
		</property>
		<property name="action" type="java.lang.String">
			<column name="ACTION"/>
		</property>
		<property name="actionComments" type="java.lang.String">
			<column name="ACTION_COMMENTS"/>
		</property>		
		<property name="created_date" type="java.util.Date" unique="false"
			optimistic-lock="true" lazy="false" generated="never" update="true">
			<column name="CREATED_DATE" sql-type="DATE" />
		</property>
		<property name="updated_date" type="java.util.Date" unique="false"
			optimistic-lock="true" lazy="false" generated="never" update="true">
			<column name="UPDATED_DATE" sql-type="DATE" />
		</property>
	</class>
</hibernate-mapping>
