<?xml version="1.0" encoding="utf-8"?>
<!DOCTYPE hibernate-mapping PUBLIC "-//Hibernate/Hibernate Mapping DTD 3.0//EN" "http://hibernate.sourceforge.net/hibernate-mapping-3.0.dtd"[]>
<hibernate-mapping default-cascade="none"
	default-access="property" default-lazy="true" auto-import="true">
	<class name="com.citigroup.cgti.c3par.fw.domain.OstiaQuestionnaire"
		table="OSTIA_QUESTIONNAIRE" mutable="true" polymorphism="implicit"
		dynamic-update="false" dynamic-insert="false" select-before-update="false"
		optimistic-lock="version">
		<meta attribute="class-description" inherit="true">
			business object.
            </meta>
		<id name="id" type="long" unsaved-value="-1">
			<column name="ID" sql-type="number" not-null="true" />
			<generator class="sequence">
				<param name="sequence">SEQ_OSTIA_QUESTIONNAIRE</param>
			</generator>
		</id>
		<property name="code" type="java.lang.String" unique="false"
			optimistic-lock="true" lazy="false" generated="never">
			<column name="CODE" not-null="false" />
		</property>
		<property name="type" type="java.lang.String" unique="false"
			optimistic-lock="true" lazy="false" generated="never">
			<column name="TYPE" not-null="false" />
		</property>
		<property name="description" type="java.lang.String" unique="false"
			optimistic-lock="true" lazy="false" generated="never">
			<column name="DESCRIPTION" not-null="false" />
		</property>
		<property name="baselineName" type="java.lang.String" unique="false"
			optimistic-lock="true" lazy="false" generated="never">
			<column name="BASELINE_NAME" not-null="false" />
		</property>
		<property name="baselineReportUrl" type="java.lang.String" unique="false"
			optimistic-lock="true" lazy="false" generated="never">
			<column name="BASELINE_REPORT_URL" not-null="false" />
		</property>
		<property name="notificationSentDate" type="java.util.Date" unique="false"
			optimistic-lock="true" lazy="false" generated="never">
			<column name="NOTIFICATION_SENT_DATE" not-null="false" />
		</property>
		<property name="notificationSent" type="java.lang.String" unique="false"
			optimistic-lock="true" lazy="false" generated="never">
			<column name="NOTIFICATION_SENT" not-null="false" />
		</property>
		<bag name="riskDefinitions" table="RISK_DEFINITION" lazy="true" order-by="id desc"
			cascade="save-update">
			<key>
				<column name="QUESTIONNAIRE_ID" not-null="true" />
			</key>
			<one-to-many
				class="com.citigroup.cgti.c3par.fw.domain.RiskDefinition" />			
		</bag>
		<property name="created_date" type="java.util.Date" unique="false" optimistic-lock="true" lazy="false" generated="never">
	      <column name="CREATED_DATE" sql-type="DATE" not-null="false" />
	    </property>
		 <property name="updated_date" type="java.util.Date" unique="false" optimistic-lock="true" lazy="false" generated="never">
	      <column name="UPDATED_DATE" sql-type="DATE" not-null="false" />
	    </property>
	</class>
</hibernate-mapping>
