<?xml version="1.0" encoding="utf-8"?>
<!DOCTYPE hibernate-mapping PUBLIC "-//Hibernate/Hibernate Mapping DTD 3.0//EN" "http://hibernate.sourceforge.net/hibernate-mapping-3.0.dtd"[]>
<hibernate-mapping default-cascade="none"
	default-access="property" default-lazy="true" auto-import="true">
	<class name="com.citigroup.cgti.c3par.fw.domain.OstiaQuestion"
		table="OSTIA_QUESTION" mutable="true" polymorphism="implicit"
		dynamic-update="false" dynamic-insert="false" select-before-update="false"
		optimistic-lock="version">
		<meta attribute="class-description" inherit="true">
			business object.
            </meta>
		<id name="id" type="long" unsaved-value="-1">
			<column name="ID" sql-type="number" not-null="true" />
			<generator class="sequence">
				<param name="sequence">SEQ_OSTIA_QUESTION</param>
			</generator>
		</id>
		<property name="question" type="java.lang.String" unique="false"
			optimistic-lock="true" lazy="false" generated="never">
			<column name="QUESTION" not-null="false" />
		</property>
		<property name="hint" type="java.lang.String" unique="false"
			optimistic-lock="true" lazy="false" generated="never">
			<column name="HINT" not-null="false" />
		</property>
		<property name="answerType" type="java.lang.String" unique="false"
			optimistic-lock="true" lazy="false" generated="never">
			<column name="ANSWER_TYPE" not-null="false" />
		</property>
		<property name="questionControlNumber" type="java.lang.String" unique="false"
			optimistic-lock="true" lazy="false" generated="never">
			<column name="QUESTION_CNTL_NO" not-null="false" />
		</property>
		<many-to-one name="riskDefinition" lazy="false"
			class="com.citigroup.cgti.c3par.fw.domain.RiskDefinition">
			<column name="RISK_DEFINITION_ID" />
		</many-to-one>
		<bag name="possibleAnswers" table="OSTIA_POS_ANSWERS" lazy="false" order-by="id desc"
			cascade="save-update">
			<key>
				<column name="QUESTION_ID" not-null="true" />
			</key>
			<one-to-many
				class="com.citigroup.cgti.c3par.fw.domain.PossibleAnswers" />			
		</bag>
		<property name="created_date" type="java.util.Date" unique="false" optimistic-lock="true" lazy="false" generated="never">
	      <column name="CREATED_DATE" sql-type="DATE" not-null="false" />
	    </property>
		 <property name="updated_date" type="java.util.Date" unique="false" optimistic-lock="true" lazy="false" generated="never">
	      <column name="UPDATED_DATE" sql-type="DATE" not-null="false" />
	    </property>
	</class>
</hibernate-mapping>
