<?xml version="1.0" encoding="utf-8"?>
<!DOCTYPE hibernate-mapping PUBLIC "-//Hibernate/Hibernate Mapping DTD 3.0//EN" "http://hibernate.sourceforge.net/hibernate-mapping-3.0.dtd"[]>
<hibernate-mapping default-cascade="none" default-access="property" default-lazy="true" auto-import="true">
  <class name="com.citigroup.cgti.c3par.proxy.domain.ProxyPAFCombination" table="prx_paf_history" mutable="true" polymorphism="implicit" dynamic-update="false" dynamic-insert="false" select-before-update="false" optimistic-lock="version">
    <meta attribute="class-description" inherit="true">
         A Simple Generic Lookup business object. 
    </meta>   
   	 <id name="id" type="long" unsaved-value="-1">
      <column name="ID" sql-type="number" not-null="true" />      	
    </id>   	
   	<property name="processId" type="long" unique="false" optimistic-lock="true" lazy="false" generated="never">
     <column name="PROCESS_ID" sql-type="number" not-null="false"/>
    </property>
        
    <property name="tiRequestId" type="long" unique="false" optimistic-lock="true" lazy="false" generated="never">
      <column name="TI_REQUEST_ID" sql-type="number" not-null="true" />
    </property>    
	<many-to-one name="proxyInstance" class="com.citigroup.cgti.c3par.proxy.domain.ProxyInstance" column="PROXY_INST_MST_ID" unique="true" lazy="false" fetch="join" cascade="none"/>
   	
    <property name="versionId" type="long" unique="false" optimistic-lock="true" lazy="false" generated="never">
      <column name="VERSION_ID" sql-type="number" not-null="true" />
    </property>    
    
    <property name="appame" type="java.lang.String" unique="false" optimistic-lock="true" lazy="false" generated="never">
      <column name="APP_NAME" sql-type="varchar2(100)" not-null="false"/>
    </property>
   
    <many-to-one name="application" class="com.citigroup.cgti.c3par.domain.Application" column="APP_ID" unique="true" lazy="false" fetch="join" cascade="none"/>
    
    <property name="url" type="java.lang.String" unique="false" optimistic-lock="true" lazy="false" generated="never">
      <column name="URL" sql-type="varchar2(500)" not-null="false" />
    </property>
    <property name="domainName" type="java.lang.String" unique="false" optimistic-lock="true" lazy="false" generated="never">
      <column name="DOMAIN_NAME" sql-type="varchar2(500)" not-null="false" />
    </property>
    <property name="statement" type="java.lang.String" unique="false" optimistic-lock="true" lazy="false" generated="never">
      <column name="STATEMENT" sql-type="varchar2(500)" not-null="false" />
    </property>
	<property name="action" type="java.lang.String" unique="false" optimistic-lock="true" lazy="false" generated="never">
      <column name="ACTION" sql-type="varchar2(20)" not-null="false" />
    </property>
	<property name="created_date" type="java.util.Date" unique="false" optimistic-lock="true" lazy="false" generated="never">
      <column name="CREATED_DATE" sql-type="DATE" not-null="false" />
    </property>
	 <property name="updated_date" type="java.util.Date" unique="false" optimistic-lock="true" lazy="false" generated="never">
      <column name="UPDATED_DATE" sql-type="DATE" not-null="false" />
    </property>
    <property name="sourceIp" type="java.lang.String" unique="false" optimistic-lock="true" lazy="false" generated="never">
      <column name="SOURCE_IP" sql-type="varchar2(25)" not-null="false" />
    </property>
    <property name="externalIp" type="java.lang.String" unique="false" optimistic-lock="true" lazy="false" generated="never">
      <column name="EXTERNAL_IP" sql-type="varchar2(25)" not-null="false" />
    </property>
    <property name="isFTReqd" type="java.lang.String" unique="false" optimistic-lock="true" lazy="false" generated="never">
      <column name="FILE_TRANSFER" sql-type="varchar2(1)" not-null="false" />
    </property>
     <property name="port" type="java.lang.String" unique="false" optimistic-lock="true" lazy="false" generated="never">
      <column name="PORT" sql-type="varchar2(50)" not-null="false" />
    </property>
    <many-to-one name="frequency" class="com.citigroup.cgti.c3par.common.domain.GenericLookup" column="FREQUENCY" unique="true" not-null="false" lazy="false" cascade="none"/>
   	<many-to-one name="fileSize" class="com.citigroup.cgti.c3par.common.domain.GenericLookup" column="FILE_SIZE" unique="true" not-null="false" lazy="false" cascade="none"/>
    
    <property name="requestType" type="java.lang.String" unique="false" optimistic-lock="true" lazy="false" generated="never">
      <column name="REQUEST_TYPE" sql-type="varchar2(25)" not-null="false" />
    </property>
    <many-to-one name="appsenseADGroup" class="com.citigroup.cgti.c3par.appsense.domain.AppsenseADGroup" column="aps_ad_group_id" unique="true" lazy="false" fetch="join" cascade="none"/>
     
    <property name="statementRedirect" type="java.lang.String" unique="false" optimistic-lock="true" lazy="false" generated="never">
      <column name="statement_redirect" sql-type="varchar2(250)" not-null="false" />
    </property>    
    <property name="internetAccess" type="java.lang.String" unique="false" optimistic-lock="true" lazy="false" generated="never">
      <column name="INTERNET_ACCESS" sql-type="varchar2(1)" not-null="false" />
    </property>
</class>
</hibernate-mapping>