<?xml version="1.0" encoding="utf-8"?>
<!DOCTYPE hibernate-mapping PUBLIC "-//Hibernate/Hibernate Mapping DTD 3.0//EN" "http://hibernate.sourceforge.net/hibernate-mapping-3.0.dtd"[]>
<hibernate-mapping default-cascade="none"
	default-access="property" default-lazy="true" auto-import="true">
	<class name="com.citigroup.cgti.c3par.fw.domain.PersonalObject"
		table="PERSONAL_OBJECTS" mutable="true" polymorphism="implicit"
		dynamic-update="false" dynamic-insert="false" select-before-update="false"
		optimistic-lock="version">
		<meta attribute="class-description" inherit="true">
			business object.
            </meta>
		<id name="id" type="long" unsaved-value="-1">
			<column name="ID" sql-type="number" not-null="true" />
			<generator class="sequence">
				<param name="sequence">SEQ_PERSONAL_OBJECTS</param>
			</generator>
		</id>
		<property name="objectName" type="java.lang.String" unique="false"
			optimistic-lock="true" lazy="false" generated="never">
			<column name="OBJECT_NAME" not-null="false" />
		</property>
		<property name="type" type="java.lang.String" unique="false"
			optimistic-lock="true" lazy="false" generated="never">
			<column name="TYPE" not-null="false" />
		</property>
		<property name="isDeleted" type="java.lang.String" unique="false"
			optimistic-lock="true" lazy="false" generated="never">
			<column name="IS_DELETED" not-null="false" />
		</property>
		<many-to-one name="createdBy"
			class="com.citigroup.cgti.c3par.user.domain.C3parUser" column="CREATED_BY"
			lazy="false" cascade="none" />
		<many-to-one name="updatedBy"
			class="com.citigroup.cgti.c3par.user.domain.C3parUser" column="UPDATED_BY"
			lazy="false" cascade="none" />
		<bag name="personalObjectIPs" table="IP_PERSONAL_OBJECTS" lazy="false" order-by="id desc"
			cascade="save-update">
			<key>
				<column name="PER_OBJ_ID" not-null="true" />
			</key>

			<one-to-many
				class="com.citigroup.cgti.c3par.fw.domain.PersonalObjectIP" />			
		</bag>
		<bag name="personalObjectPorts" table="PORT_PERSONAL_OBJECTS" lazy="false" order-by="id desc"
			cascade="save-update">
			<key>
				<column name="PER_OBJ_ID" not-null="true" />
			</key>

			<one-to-many
				class="com.citigroup.cgti.c3par.fw.domain.PersonalObjectPort" />			
		</bag>
		<property name="created_date" type="java.util.Date" unique="false" optimistic-lock="true" lazy="false" generated="never">
	      <column name="CREATED_DATE" sql-type="DATE" not-null="false" />
	    </property>
		 <property name="updated_date" type="java.util.Date" unique="false" optimistic-lock="true" lazy="false" generated="never">
	      <column name="UPDATED_DATE" sql-type="DATE" not-null="false" />
	    </property>
	</class>
</hibernate-mapping>
