<?xml version="1.0" encoding="utf-8"?>
<!DOCTYPE hibernate-mapping PUBLIC "-//Hibernate/Hibernate Mapping DTD 3.0//EN" "http://hibernate.sourceforge.net/hibernate-mapping-3.0.dtd"[]>
<hibernate-mapping default-cascade="none"
	default-access="property" default-lazy="true" auto-import="true">
	<class name="com.citigroup.cgti.c3par.fw.domain.PersonalObjectPort"
		table="PORT_PERSONAL_OBJECTS" mutable="true" polymorphism="implicit"
		dynamic-update="false" dynamic-insert="false" select-before-update="false"
		optimistic-lock="version">
		<meta attribute="class-description" inherit="true">
			business object.
            </meta>
		<id name="id" type="long" unsaved-value="-1">
			<column name="ID" sql-type="number" not-null="true" />
			<generator class="sequence">
				<param name="sequence">SEQ_PORT_PERSONAL_OBJECTS</param>
			</generator>
		</id>
		<property name="serviceName" type="java.lang.String" unique="false"
			optimistic-lock="true" lazy="false" generated="never">
			<column name="SERVICE_NAME" not-null="false" />
		</property>
		<property name="defaultService" type="java.lang.String" unique="false"
			optimistic-lock="true" lazy="false" generated="never">
			<column name="DEFAULT_SERVICE" not-null="false" />
		</property>
		<property name="description" type="java.lang.String" unique="false"
			optimistic-lock="true" lazy="false" generated="never">
			<column name="DESCRIPTION" not-null="false" />
		</property>
		<property name="typeOfTraffic" type="java.lang.String" unique="false"
			optimistic-lock="true" lazy="false" generated="never">
			<column name="TYPE_OF_TRAFFIC" not-null="false" />
		</property>
		<property name="isDeleted" type="java.lang.String" unique="false"
			optimistic-lock="true" lazy="false" generated="never">
			<column name="IS_DELETED" not-null="false" />
		</property>
		<many-to-one name="personalObject"
			class="com.citigroup.cgti.c3par.fw.domain.PersonalObject">
			<column name="PER_OBJ_ID" />
		</many-to-one>
		<many-to-one name="port" lazy="false"
			class="com.citigroup.cgti.c3par.fw.domain.Port" column="PRT_ID"
			cascade="none" />
		<property name="created_date" type="java.util.Date" unique="false" optimistic-lock="true" lazy="false" generated="never">
	      <column name="CREATED_DATE" sql-type="DATE" not-null="false" />
	    </property>
		 <property name="updated_date" type="java.util.Date" unique="false" optimistic-lock="true" lazy="false" generated="never">
	      <column name="UPDATED_DATE" sql-type="DATE" not-null="false" />
	    </property>
	</class>
</hibernate-mapping>
