<?xml version="1.0" encoding="utf-8"?>
<!DOCTYPE hibernate-mapping PUBLIC "-//Hibernate/Hibernate Mapping DTD 3.0//EN" "http://hibernate.sourceforge.net/hibernate-mapping-3.0.dtd"[]>
<hibernate-mapping default-cascade="none" default-access="property" default-lazy="true" auto-import="true">
	<class name="com.citigroup.cgti.c3par.domain.Planning" table="PLANNING" mutable="true" polymorphism="implicit" dynamic-update="false" 
				dynamic-insert="false" select-before-update="false" optimistic-lock="version">
    	<meta attribute="class-description" inherit="true">@author Prakash C</meta>
    	
	    <id name="id" type="long" unsaved-value="-1">
	      <column name="ID" sql-type="number" not-null="true" />
	    </id>
	
		<property name="plannedActivateDate" type="java.util.Date">
	      	<column name="PLANNED_ACTIVATE_DATE" sql-type="DATE" not-null="false" />
	    </property>
	    
		<property name="securityReviewCmt" type="java.lang.String">
	      	<column name="SECURITY_REVIEW_COMMENT" not-null="false" />
	    </property>	    
	    
		<property name="sponserReviewCmt" type="java.lang.String">
	      	<column name="SPONSOR_REVIEW_COMMENTS" not-null="false" />
	    </property>	    
	    
		<property name="activateConnectionCmt" type="java.lang.String">
	      	<column name="ACTIVATE_CONNECTION_COMMENT" not-null="false" />
	    </property>	    
	    
		<property name="approveDetailDesignCmt" type="java.lang.String">
	      	<column name="APPROVE_DETAIL_DESIGN_COMMENT" not-null="false" />
	    </property>	    
	    
		<property name="integcompleted" type="java.lang.String">
	      	<column name="INTEGRATION_COMPLETED" not-null="false" />
	    </property>	    
	    
		<property name="integStatusCmt" type="java.lang.String">
	      	<column name="INTEGRATION_STATUS_COMMENTS" not-null="false" />
	    </property>	    
	    
		<property name="procurementDate" type="java.util.Date">
	      	<column name="PROCUREMENT_DATE" sql-type="DATE" not-null="false" />
	    </property>
	    
		<property name="procurementCmt" type="java.lang.String">
	      	<column name="PROCUREMENT_COMMENTS" not-null="false" />
	    </property>	    
	    
		<property name="procurementOptional" type="java.lang.String">
	      	<column name="PROCUREMENT_OPTIONAL" not-null="false" />
	    </property>	    
	    
		<property name="systemAdminCmt" type="java.lang.String">
	      	<column name="SYSTEM_ADMIN_COMMENTS" not-null="false" />
	    </property>	    
	    
		<property name="operationalAnalystCmt" type="java.lang.String">
	      	<column name="OPERATIONAL_ANALYST_COMMENTS" not-null="false" />
	    </property>	    
	    
		<property name="istgCmt" type="java.lang.String">
	      	<column name="ISTG_COMMENTS" not-null="false" />
	    </property>	    
	    
		<property name="infomanId" type="java.lang.Long">
	      	<column name="INFOMAN_ID" sql-type="NUMBER" not-null="false" />
	    </property>
	    
		<property name="opanalystScheduleDate" type="java.util.Date">
	      	<column name="OP_ANALYST_SCHEDULE_DATE" sql-type="DATE" not-null="false" />
	    </property>
	    
		<property name="opanalystCompletedDate" type="java.util.Date">
	      	<column name="OP_ANALYST_COMPLETED_DATE" sql-type="DATE" not-null="false" />
	    </property>
	    
		<property name="vaflag" type="java.lang.String">
	      	<column name="VA_FLAG" not-null="false" />
	    </property>	    
	    
		<property name="vanumber" type="java.lang.String">
	      	<column name="VA_NUMBER" not-null="false" />
	    </property>	    
	    
		<property name="vaschDate" type="java.util.Date">
	      	<column name="VA_SCH_DATE" sql-type="DATE" not-null="false" />
	    </property>
	    
		<property name="vacmts" type="java.lang.String">
	      	<column name="VA_COMMENTS" not-null="false" />
	    </property>	    
	    
		<property name="descbusinessPerspective" type="java.lang.String">
	      	<column name="DESC_BUSINESS_PERSPECTIVE" not-null="false" />
	    </property>	    
	    
		<property name="managerName" type="java.lang.String">
	      	<column name="MANAGER_NAME" not-null="false" />
	    </property>	    
	    
		<property name="groupRaisingRFC" type="java.lang.String">
	      	<column name="GROUP_RAISING_RFC" not-null="false" />
	    </property>	    
	    
		<property name="implbauTimelines" type="java.lang.String">
	      	<column name="IMPLEMENTED_BAU_TIMELINES" not-null="false" />
	    </property>	    
	    
		<property name="standardChangeCycle" type="java.lang.String">
	      	<column name="STANDARD_CHANGE_CYCLE" not-null="false" />
	    </property>	    
	    
		<property name="deptownerProcess" type="java.lang.String">
	      	<column name="DEPARTMENT_OWNER_PROCESS" not-null="false" />
	    </property>  
	    
		<property name="clashRequest" type="java.lang.String">
	      	<column name="CLASH_REQUEST" not-null="false" />
	    </property>  
	    
		<property name="riskunplannedChange" type="java.lang.String">
	      	<column name="RISK_UNPLANNED_CHANGE" not-null="false" />
	    </property>  
	    
		<property name="addbusinessTesting" type="java.lang.String">
	      	<column name="ADDITIONAL_BUSINESS_TESTING" not-null="false" />
	    </property>  
	    
		<property name="testingplanContactPer" type="java.lang.String">
	      	<column name="TESTING_PLAN_CONTACT_PERSON" not-null="false" />
	    </property>  
	    
		<property name="directorAppMailFlag" type="java.lang.String">
	      	<column name="DIRECTOR_APPL_MAIL_FLAG" not-null="false" />
	    </property>  
	    
		<property name="directorAppMailSentDate" type="java.util.Date">
	      	<column name="DIRECTOR_APPL_MAIL_SENT_DATE" sql-type="DATE" not-null="false" />
	    </property>
	    
		<property name="dontImplBeforeDate" type="java.util.Date">
	      	<column name="DONT_IMPL_BEFORE_DATE" sql-type="DATE" not-null="false" />
	    </property>
	    
	</class>
</hibernate-mapping>