<?xml version="1.0" encoding="utf-8"?>
<!DOCTYPE hibernate-mapping PUBLIC "-//Hibernate/Hibernate Mapping DTD 3.0//EN" "http://hibernate.sourceforge.net/hibernate-mapping-3.0.dtd"[]>
<hibernate-mapping default-cascade="none" default-access="property" default-lazy="true" auto-import="true">
  <class name="com.citigroup.cgti.c3par.fw.domain.PortServiceMapping" table="port_service_mapping" batch-size="10" dynamic-update="false" dynamic-insert="false" select-before-update="false" optimistic-lock="version">
    <meta attribute="class-description" inherit="true">
            A Simple Generic Lookup business object.
     </meta>
    <id name="id" type="long" unsaved-value="-1">
      <column name="ID" sql-type="number" not-null="true" />
       <generator class="sequence">
				<param name="sequence">SEQ_PORT_SERVICE_MAPPING</param>
		</generator>
    </id>
    <property name="portId" type="java.lang.Long" unique="false" optimistic-lock="true" lazy="false" generated="never">
      <column name="PORT_ID" sql-type="number" not-null="false" />
    </property>
    <property name="serviceType" type="java.lang.String" unique="false" optimistic-lock="true" lazy="false" generated="never">
      <column name="SERVICE_TYPE" sql-type="varchar2(250)" not-null="false" />
    </property>
    <property name="description" type="java.lang.String" unique="false" optimistic-lock="true" lazy="false" generated="never">
      <column name="DESCRIPTION" sql-type="varchar2(1000)" not-null="false" />
    </property>
</class>
</hibernate-mapping>