<?xml version="1.0"?>
<!DOCTYPE hibernate-mapping PUBLIC "-//Hibernate/Hibernate Mapping DTD 3.0//EN"
"http://hibernate.sourceforge.net/hibernate-mapping-3.0.dtd">
<hibernate-mapping>
	<class name="com.citigroup.cgti.c3par.relationship.domain.RelCitiContXref"
		table="REL_CITI_CONT_XREF" batch-size="5">
		
		<id name="id" type="java.lang.Long">
			<column name="ID" sql-type="number" not-null="true" />
			<generator class="sequence">
				<param name="sequence">SEQ_REL_CITI_CONT_XREF</param>
			</generator>
		</id>
		
	 	<many-to-one name="contactId" lazy="false"
			class="com.citigroup.cgti.c3par.businessjustification.domain.CitiContact" column="CONTACT_ID" cascade="none"/>
	    
     	<many-to-one name="relationship" lazy="false"
			class="com.citigroup.cgti.c3par.relationship.domain.Relationship" column="RELATIONSHIP_ID" cascade="none"/>
			
		<many-to-one name="role" lazy="false"
			class="com.citigroup.cgti.c3par.domain.Role" column="ROLE_ID" cascade="none" />	 	
			
	 	<property name="systemGenerated" type="java.lang.String">
	      	<column name="SYSTEM_GENERATED" not-null="false" />
	    </property>	
	    			
	</class>
	
</hibernate-mapping>
