<?xml version="1.0"?>
<!DOCTYPE hibernate-mapping PUBLIC "-//Hibernate/Hibernate Mapping DTD 3.0//EN"
"http://hibernate.sourceforge.net/hibernate-mapping-3.0.dtd">
<hibernate-mapping>
	<class name="com.citigroup.cgti.c3par.relationship.domain.Relationship"
		table="RELATIONSHIP" batch-size="5">
		<id name="id" type="java.lang.Long">
			<column name="ID" sql-type="number" not-null="true" />
			<generator class="sequence">
				<param name="sequence">SEQ_RELATIONSHIP</param>
			</generator>
		</id>

		<many-to-one name="thirdParty" lazy="false"
			class="com.citigroup.cgti.c3par.relationship.domain.ThirdParty" column="THIRD_PARTY_ID" cascade="none" />
			
		<property name="ownedById" type="java.lang.Long">
	      	<column name="OWNEDBY_ID" sql-type="NUMBER" not-null="false" />
	    </property>
		<property name="name" type="java.lang.String">
	      	<column name="NAME" not-null="false" />
	    </property>
		<property name="purpose" type="java.lang.String">
	      	<column name="PURPOSE" not-null="false" />
	    </property>
		<property name="connectivityExists" type="java.lang.String">
	      	<column name="CONNECTIVITY_EXISTS" not-null="false" />
	    </property>
		<property name="readyDate" type="java.util.Date">
	      	<column name="READY_DATE" sql-type="DATE" not-null="false" />
	    </property>
		<property name="terminatedDate" type="java.util.Date">
	      	<column name="TERMINATED_DATE" sql-type="DATE" not-null="false" />
	    </property>
		<property name="status" type="java.lang.String">
	      	<column name="STATUS" not-null="false" />
	    </property>
		<property name="requesterId" type="java.lang.String">
	      	<column name="REQUESTER_ID" not-null="false" />
	    </property>
		<property name="benefit" type="java.lang.String">
	      	<column name="BENEFIT" not-null="false" />
	    </property>
		<property name="plCode" type="java.lang.String">
	      	<column name="PLCODE" not-null="false" />
	    </property>
		<property name="estRevenueGenerated" type="java.lang.Double">
	      	<column name="ESTIMATED_REVENUE_GENERATED" sql-type="NUMBER(16,4)" not-null="false" />
	    </property>
		<property name="estCostSaving" type="java.lang.Double">
	      	<column name="ESTIMATED_COST_SAVING" sql-type="NUMBER(16,4)" not-null="false" />
	    </property>
		<property name="cobRedundencyReq" type="java.lang.String">
	      	<column name="COB_REDUNDANCY_REQUIRED" not-null="false" />
	    </property>
		<property name="proCompletionDate" type="java.util.Date">
	      	<column name="PROCUREMENT_COMPLETION_DATE" sql-type="DATE" not-null="false" />
	    </property>
		<property name="gnccApprovalAttained" type="java.lang.String">
	      	<column name="GNCC_APPROVAL_ATTAINED" not-null="false" />
	    </property>
		<property name="comments" type="java.lang.String">
	      	<column name="COMMENTS" not-null="false" />
	    </property>
		<property name="initalRiskAssDate" type="java.util.Date">
	      	<column name="INITIAL_RISK_ASSESMENT_DATE" sql-type="DATE" not-null="false" />
	    </property>
		<property name="oneTimeCost" type="java.lang.Double">
	      	<column name="ONE_TIME_COST" sql-type="NUMBER(16,4)" not-null="false" />
	    </property>
		<property name="monthlyCost" type="java.lang.Double">
	      	<column name="MONTHLY_COST" sql-type="NUMBER(16,4)" not-null="false" />
	    </property>
		<property name="dataIsPublic" type="java.lang.String">
	      	<column name="DATA_IS_PUBLIC" not-null="false" />
	    </property>
		<property name="isoutsourceProvider" type="java.lang.String">
	      	<column name="IS_OUTSOURCE_PROVIDER" not-null="false" />
	    </property>
		<property name="ospServiceName" type="java.lang.String">
	      	<column name="OSP_SERVICE_NAME" not-null="false" />
	    </property>
		<property name="accessCitiData" type="java.lang.String">
	      	<column name="ACCESS_CITI_DATA" not-null="false" />
	    </property>
		<property name="accessCustomerData" type="java.lang.String">
	      	<column name="ACCESS_CUSTOMER_DATA" not-null="false" />
	    </property>
		<property name="contractRenewalDate" type="java.util.Date">
	      	<column name="CONTRACT_RENEWAL_DATE" sql-type="DATE" not-null="false" />
	    </property>
		<property name="deleted" type="java.lang.String">
	      	<column name="DELETED" not-null="false" />
	    </property>
		<property name="requestDate" type="java.util.Date">
	      	<column name="REQUEST_DATE" sql-type="DATE" not-null="false" />
	    </property>
		<property name="relationshipType" type="java.lang.String">
	      	<column name="RELATIONSHIP_TYPE" not-null="false" />
	    </property>
		
		<many-to-one name="uturnThirdParty" lazy="false"
			class="com.citigroup.cgti.c3par.relationship.domain.ThirdParty" column="UTURN_THIRD_PARTY_ID" cascade="none" />
			
		<many-to-one name="requesterResourceType" lazy="false"
			class="com.citigroup.cgti.c3par.common.domain.ResourceType" column="REQUESTER_RESOURCE_TYPE_ID" cascade="none" />
		<many-to-one name="targetResourceType" lazy="false"
			class="com.citigroup.cgti.c3par.common.domain.ResourceType" column="TARGET_RESOURCE_TYPE_ID" cascade="none" />	
		<many-to-one name="lookupId" lazy="false"
			class="com.citigroup.cgti.c3par.relationship.domain.CoLookupData" column="LOOKUP_ID" cascade="save-update" />
			
		<bag name="relcitiHierarchyXrefs" table="REL_CITI_HIERARCHY_XREF" lazy="false" cascade="none">
			<key>
				<column name="RELATIONSHIP_ID" not-null="true" />
			</key>
			<one-to-many class="com.citigroup.cgti.c3par.relationship.domain.RelCitiHierarchyXref"/>	
		</bag>
		<bag name="relThirdPartyContXref" table="REL_TP_CONT_XREF" lazy="false" cascade="none">
			<key>
				<column name="RELATIONSHIP_ID" not-null="true" />
			</key>
			<one-to-many class="com.citigroup.cgti.c3par.relationship.domain.RelThirdPartyContXref"/>	
		</bag>
				
	</class>
	
</hibernate-mapping>
