<?xml version="1.0" encoding="utf-8"?>
<!DOCTYPE hibernate-mapping PUBLIC "-//Hibernate/Hibernate Mapping DTD 3.0//EN" "http://hibernate.sourceforge.net/hibernate-mapping-3.0.dtd"[]>
<hibernate-mapping default-cascade="none"
	default-access="property" default-lazy="true" auto-import="true">
	<class name="com.citigroup.cgti.c3par.fw.domain.RequestQuestionnaire"
		table="TI_REQ_QUESTIONNAIRE" mutable="true" polymorphism="implicit"
		dynamic-update="false" dynamic-insert="false" select-before-update="false"
		optimistic-lock="version">
		<meta attribute="class-description" inherit="true">
			business object.
            </meta>
		<id name="id" type="long" unsaved-value="-1">
			<column name="ID" sql-type="number" not-null="true" />
			<generator class="sequence">
				<param name="sequence">SEQ_TI_REQ_QUESTIONNAIRE</param>
			</generator>
		</id>
		<many-to-one name="questionnaire" cascade="save-update" lazy="false"
			class="com.citigroup.cgti.c3par.fw.domain.OstiaQuestionnaire">
			<column name="QUESTIONNAIRE_ID" />
		</many-to-one>
		<property name="type" type="java.lang.String" unique="false"
			optimistic-lock="true" lazy="false" generated="never">
			<column name="TYPE" not-null="false" />
		</property>
		<property name="status" type="java.lang.String" unique="false"
			optimistic-lock="true" lazy="false" generated="never">
			<column name="STATUS" not-null="false" />
		</property>
		<property name="baselineName" type="java.lang.String" unique="false"
			optimistic-lock="true" lazy="false" generated="never">
			<column name="BASELINE_NAME" not-null="false" />
		</property>
		<property name="baselineReportUrl" type="java.lang.String" unique="false"
			optimistic-lock="true" lazy="false" generated="never">
			<column name="BASELINE_REPORT_URL" not-null="false" />
		</property>
		<property name="lastBaselineName" type="java.lang.String" unique="false"
			optimistic-lock="true" lazy="false" generated="never">
			<column name="LAST_BASELINE_NAME" not-null="false" />
		</property>
		<property name="lastBaselineReportUrl" type="java.lang.String" unique="false"
			optimistic-lock="true" lazy="false" generated="never">
			<column name="LAST_BASELINE_REPORT_URL" not-null="false" />
		</property>
		 <property name="ruleExecutionDate" type="java.util.Date" unique="false" 
		 optimistic-lock="true" lazy="false" generated="never">
	      <column name="RULE_EXECUTION_DATE" sql-type="DATE" not-null="false" />
	    </property>
	    <bag name="requestOstiaQuestions" table="TI_REQ_OSTIA_QUESTION" lazy="true" order-by="id desc"
			cascade="save-update" inverse="true">
			<key>
				<column name="TI_REQ_QNNAIRE_ID" not-null="true" />
			</key>
			<one-to-many
				class="com.citigroup.cgti.c3par.fw.domain.RequestOstiaQuestion" />			
		</bag>
		<many-to-one name="tiRequest"
			class="com.citigroup.cgti.c3par.domain.TIRequest" column="TI_REQUEST_ID"
			cascade="none" />
		<many-to-one name="deletedTIRequest"
			class="com.citigroup.cgti.c3par.domain.TIRequest" column="DELETED_TI_REQUEST_ID"
			cascade="none" />
		<property name="created_date" type="java.util.Date" unique="false" optimistic-lock="true" lazy="false" generated="never">
	      <column name="CREATED_DATE" sql-type="DATE" not-null="false" />
	    </property>
		 <property name="updated_date" type="java.util.Date" unique="false" optimistic-lock="true" lazy="false" generated="never">
	      <column name="UPDATED_DATE" sql-type="DATE" not-null="false" />
	    </property>
	</class>
</hibernate-mapping>
