<?xml version="1.0" encoding="utf-8"?>
<!DOCTYPE hibernate-mapping PUBLIC "-//Hibernate/Hibernate Mapping DTD 3.0//EN" "http://hibernate.sourceforge.net/hibernate-mapping-3.0.dtd"[]>
<hibernate-mapping default-cascade="none"
	default-access="property" default-lazy="true" auto-import="true">
	<class name="com.citigroup.cgti.c3par.fw.domain.RequestOstiaQuestion"
		table="TI_REQ_OSTIA_QUESTION" mutable="true" polymorphism="implicit"
		dynamic-update="false" dynamic-insert="false" select-before-update="false"
		optimistic-lock="version">
		<meta attribute="class-description" inherit="true">
			business object.
            </meta>
		<id name="id" type="long" unsaved-value="-1">
			<column name="ID" sql-type="number" not-null="true" />
			<generator class="sequence">
				<param name="sequence">SEQ_TI_REQ_OSTIA_QUESTION</param>
			</generator>
		</id>
		<many-to-one name="ostiaQuestion" lazy="false"
			class="com.citigroup.cgti.c3par.fw.domain.OstiaQuestion">
			<column name="QUESTION_ID" />
		</many-to-one>
		<many-to-one name="requestQuestionnaire"
			class="com.citigroup.cgti.c3par.fw.domain.RequestQuestionnaire">
			<column name="TI_REQ_QNNAIRE_ID" />
		</many-to-one>
		<property name="status" type="java.lang.String" unique="false"
			optimistic-lock="true" lazy="false" generated="never">
			<column name="STATUS" not-null="false" />
		</property>
		<property name="textAnswer" type="java.lang.String" unique="false"
			optimistic-lock="true" lazy="false" generated="never">
			<column name="TEXT_ANSWER" not-null="false" />
		</property>
			<property name="singleAnswer" type="java.lang.String" unique="false"
			optimistic-lock="true" lazy="false" generated="never">
			<column name="SINGLE_ANSWER" not-null="false" />
		</property>
			<property name="otherText" type="java.lang.String" unique="false"
			optimistic-lock="true" lazy="false" generated="never">
			<column name="OTHER_TEXT" not-null="false" />
		</property>
		<many-to-one name="updatedTIRequest"
			class="com.citigroup.cgti.c3par.domain.TIRequest" column="UPDATED_TI_REQUEST_ID"
			cascade="none" />
		<many-to-one name="deletedTIRequest"
			class="com.citigroup.cgti.c3par.domain.TIRequest" column="DELETED_TI_REQUEST_ID"
			cascade="none" />
		<property name="created_date" type="java.util.Date" unique="false"
			optimistic-lock="true" lazy="false" generated="never">
			<column name="CREATED_DATE" sql-type="DATE" not-null="false" />
		</property>
		<property name="updated_date" type="java.util.Date" unique="false"
			optimistic-lock="true" lazy="false" generated="never">
			<column name="UPDATED_DATE" sql-type="DATE" not-null="false" />
		</property>
	</class>
</hibernate-mapping>
