<?xml version="1.0"?>
<!DOCTYPE hibernate-mapping PUBLIC "-//Hibernate/Hibernate Mapping DTD 3.0//EN"
"http://hibernate.sourceforge.net/hibernate-mapping-3.0.dtd">
<hibernate-mapping>
<class name="com.citigroup.cgti.c3par.common.domain.ResourceType"
		table="ResourceType" batch-size="5">
		<id name="id" type="java.lang.Long">
			<column name="ID" sql-type="number" not-null="true" />
			<generator class="sequence">
				<param name="sequence">seq_resourcetype</param>
			</generator>
		</id>
	<property name="name" type="java.lang.String" unique="false" optimistic-lock="true" lazy="false" generated="never">
     	<column name="NAME" not-null="false" />
    </property>		
	<property name="perimeter" type="java.lang.String" unique="false" optimistic-lock="true" lazy="false" generated="never">
     	<column name="PERIMETER" not-null="false" />
    </property>
    <property name="status" type="java.lang.String" unique="false" optimistic-lock="true" lazy="false" generated="never">
     	<column name="STATUS" not-null="false" />
    </property>
    <property name="createdBy" type="java.lang.String" unique="false" optimistic-lock="true" lazy="false" generated="never">
     	<column name="CREATED_BY" not-null="false" />
    </property>
    <property name="created_date" type="java.util.Date" unique="false" optimistic-lock="true" lazy="false" generated="never">
      	<column name="CREATED_DATE" not-null="false" />
    </property>
    <property name="modifiedBy" type="java.lang.String" unique="false" optimistic-lock="true" lazy="false" generated="never">
     	<column name="MODIFIED_BY" not-null="false" />
    </property>
    <property name="updated_date" type="java.util.Date" unique="false" optimistic-lock="true" lazy="false" generated="never">
     	 <column name="MODIFIED_DATE" not-null="false" />
    </property>
    <property name="broadAccessIp" type="java.lang.String" unique="false" optimistic-lock="true" lazy="false" generated="never">
      	<column name="BROAD_ACCESS_IP" not-null="true" />
    </property>
    
</class>
</hibernate-mapping>