<?xml version="1.0"?>
<!DOCTYPE hibernate-mapping PUBLIC "-//Hibernate/Hibernate Mapping DTD 3.0//EN"
"http://hibernate.sourceforge.net/hibernate-mapping-3.0.dtd">
<hibernate-mapping>

	<class name="com.citigroup.cgti.c3par.fw.domain.ResolveITNotifyLog"
		table="RESOLVE_IT_NOTIFY_LOG" >
		<id name="id" type="java.lang.Long">
			<column name="ID" sql-type="number" not-null="true" />
			<generator class="sequence">
				<param name="sequence">SEQ_RESOLVE_IT_NOTIFY_LOG</param>
			</generator>

		</id>
		<version name="updated_date" column="UPDATED_DATE" type="java.util.Date"
			generated="never" />

		<property name="cmpID">
			<column name="CMP_ID" />
		</property>
		<property name="approvedBy" type="java.lang.String">
			<column name="APPROVED_BY" sql-type="VARCHAR2(100)"/>
		</property>
		<property name="approverName" type="java.lang.String">
			<column name="APPROVED_NAME" sql-type="VARCHAR2(1000)"/>
		</property>
		<property name="approvedDate" type="java.util.Date">
			<column name="APPROVED_DATE" sql-type="DATE"/>
		</property>
		<property name="tiRequestID">
			<column name="TI_REQUEST_ID" />
		</property>
		<property name="notificationXML">
			<column name="NOTIFY_XML" />
		</property>
		
		<property name="created_date" type="java.util.Date" unique="false"
			optimistic-lock="true" lazy="false" generated="never" update="false">
			<column name="CREATED_DATE" sql-type="DATE" not-null="true" />
		</property>
		
		<property name="cmpRequestId">
			<column name="CMP_REQUEST_ID" />
		</property>

	</class>
	
</hibernate-mapping>
