<?xml version="1.0"?>
<!DOCTYPE hibernate-mapping PUBLIC "-//Hibernate/Hibernate Mapping DTD 3.0//EN"
"http://hibernate.sourceforge.net/hibernate-mapping-3.0.dtd">
<hibernate-mapping>
	<class name="com.citigroup.cgti.c3par.relationship.domain.ResourceTypeLocXref"
		table="RES_TYP_LOC_XREF" batch-size="5">
		
		<id name="id" type="java.lang.Long">
			<column name="ID" sql-type="number" not-null="true" />
			<generator class="sequence">
				<param name="sequence">SEQ_RES_TYP_LOC_XREF</param>
			</generator>
		</id>
		
		<many-to-one name="location" lazy="false"
			class="com.citigroup.cgti.c3par.relationship.domain.Location" column="LOCATION_ID" cascade="none"/>
	    
     	<many-to-one name="resourceType" lazy="false"
			class="com.citigroup.cgti.c3par.common.domain.ResourceType" column="RESOURCE_TYPE_ID" cascade="none"/>
		 
	</class>	
</hibernate-mapping>