<?xml version="1.0" encoding="utf-8"?>
<!DOCTYPE hibernate-mapping PUBLIC "-//Hibernate/Hibernate Mapping DTD 3.0//EN" "http://hibernate.sourceforge.net/hibernate-mapping-3.0.dtd"[]>
<hibernate-mapping default-cascade="none" default-access="property" default-lazy="true" auto-import="true">
  <class name="com.citigroup.cgti.c3par.soa.vc.domain.RFCLookup" table="rfc_lookup" mutable="true" polymorphism="implicit" dynamic-update="false" dynamic-insert="false" select-before-update="false" optimistic-lock="version">
    <meta attribute="class-description" inherit="true">
            A Simple RFC Lookup business object.
            @author Sivakumar Annavaram</meta>
    <id name="id" type="long" unsaved-value="-1">
      <column name="ID" sql-type="number" not-null="true" />
      	<generator class="sequence"> 
			<param name="sequence">seq_rfc_lookup</param> 
		</generator>
    </id>
    <many-to-one name="templateLookup" class="com.citigroup.cgti.c3par.common.domain.GenericLookup" column="TEMPLATE_LOOKUP_ID" unique="true" lazy="false" cascade="none"/>
    <property name="paramName" type="java.lang.String" unique="false" optimistic-lock="true" lazy="false" generated="never">
      <column name="PARAMNAME" sql-type="varchar2" not-null="false" />
    </property>
    <property name="paramLabel" type="java.lang.String" unique="false" optimistic-lock="true" lazy="false" generated="never">
      <column name="PARAMLABEL" sql-type="varchar2" not-null="false" />
    </property>
    <property name="defaultValue" type="java.lang.String" unique="false" optimistic-lock="true" lazy="false" generated="never">
      <column name="DEFAULTVALUE" sql-type="varchar2" not-null="false" />
    </property>
    <property name="isRequired" type="java.lang.String" unique="false" optimistic-lock="true" lazy="false" generated="never">
      <column name="ISREQUIRED" sql-type="varchar2" not-null="false" />
    </property>
    <property name="isMultiple" type="java.lang.String" unique="false" optimistic-lock="true" lazy="false" generated="never">
      <column name="ISMULTIPLE" sql-type="varchar2" not-null="false" />
    </property>
    <property name="isActive" type="java.lang.String" unique="false" optimistic-lock="true" lazy="false" generated="never">
      <column name="ISACTIVE" sql-type="varchar2" not-null="false" />
    </property>
	<property name="created_date" type="java.util.Date" unique="false" optimistic-lock="true" lazy="false" generated="never">
      <column name="CREATED_DATE" sql-type="DATE" not-null="false" />
    </property>
	 <property name="updated_date" type="java.util.Date" unique="false" optimistic-lock="true" lazy="false" generated="never">
      <column name="UPDATED_DATE" sql-type="DATE" not-null="false" />
    </property>
    <property name="methodName" type="java.lang.String" unique="false" optimistic-lock="true" lazy="false" generated="never">
      <column name="METHOD_NAME" sql-type="varchar2" not-null="false" />
    </property>
    <property name="sectionName" type="java.lang.String" unique="false" optimistic-lock="true" lazy="false" generated="never">
      <column name="SECTION_NAME" sql-type="varchar2" not-null="false" />
    </property>
</class>
</hibernate-mapping>