<?xml version="1.0" encoding="utf-8"?>
<!DOCTYPE hibernate-mapping PUBLIC "-//Hibernate/Hibernate Mapping DTD 3.0//EN" "http://hibernate.sourceforge.net/hibernate-mapping-3.0.dtd"[]>
<hibernate-mapping default-cascade="none" default-access="property" default-lazy="true" auto-import="true">
  <class name="com.citigroup.cgti.c3par.soa.vc.domain.RFCDetail" table="rfc_detail" mutable="true" polymorphism="implicit" dynamic-update="false" dynamic-insert="false" select-before-update="false" optimistic-lock="version">
    <meta attribute="class-description" inherit="true">
            A Simple RFC Request business object.
            @author Sivakumar Annavaram</meta>
    <id name="id" type="long" unsaved-value="-1">
      <column name="ID" sql-type="number" not-null="true" />
      	<generator class="sequence"> 
			<param name="sequence">seq_rfc_detail</param> 
		</generator>
    </id>
    <many-to-one name="rfcRequest" class="com.citigroup.cgti.c3par.soa.vc.domain.RFCRequest" column="RFC_REQUEST_ID" unique="true" lazy="false" cascade="none"/>
    <many-to-one name="rfcLookup" class="com.citigroup.cgti.c3par.soa.vc.domain.RFCLookup" column="RFC_LOOKUP_ID" unique="true" lazy="false" cascade="none"/>
	<property name="created_date" type="java.util.Date" unique="false" optimistic-lock="true" lazy="false" generated="never">
      <column name="CREATED_DATE" sql-type="DATE" not-null="false" />
    </property>
	 <property name="updated_date" type="java.util.Date" unique="false" optimistic-lock="true" lazy="false" generated="never">
      <column name="UPDATED_DATE" sql-type="DATE" not-null="false" />
    </property>
    <!--list name="rfcDetailAnswerList" inverse="true" cascade="save-update">   
            <key column="RFC_DETAIL_ID"></key>   
            <index></index>   
            <one-to-many class="com.citigroup.cgti.c3par.soa.vc.domain.RFCDetailAnswer" />   
        </list--> 
         <bag name="rfcDetailAnswerList" table="rfc_detail_answers" inverse="true" lazy="true" cascade="save-update,delete">
			<key>
				<column name="RFC_DETAIL_ID" not-null="true" />
			</key>
			<one-to-many class="com.citigroup.cgti.c3par.soa.vc.domain.RFCDetailAnswer" /> 
			 
		</bag>
</class>

</hibernate-mapping>