<?xml version="1.0" encoding="utf-8"?>
<!DOCTYPE hibernate-mapping PUBLIC "-//Hibernate/Hibernate Mapping DTD 3.0//EN" "http://hibernate.sourceforge.net/hibernate-mapping-3.0.dtd"[]>
<hibernate-mapping default-cascade="none" default-access="property" default-lazy="true" auto-import="true">
  <class name="com.citigroup.cgti.c3par.soa.vc.domain.RFCDetailAnswer" table="rfc_detail_answers" mutable="true" polymorphism="implicit" dynamic-update="false" dynamic-insert="false" select-before-update="false" optimistic-lock="version">
    <meta attribute="class-description" inherit="true">
            A Simple RFC Detail Answer business object.
            @author Deepika Rukmannagari</meta>
    <id name="id" type="long" unsaved-value="-1">
      <column name="ID" sql-type="number" not-null="true" />
      	<generator class="sequence"> 
			<param name="sequence">seq_rfc_detail_answers</param> 
		</generator>
    </id>
    <many-to-one name="rfcDetail" class="com.citigroup.cgti.c3par.soa.vc.domain.RFCDetail" column="RFC_DETAIL_ID"  lazy="false" cascade="none"/>
    <many-to-one name="templateKey" class="com.citigroup.cgti.c3par.domain.Template" column="TEMPLATE_KEY" unique="true" lazy="false" cascade="none"/>
   	<property name="answer" type="java.lang.String" unique="false" optimistic-lock="true" lazy="false" generated="never">
      <column name="ANSWER" sql-type="varchar2" not-null="false" />
    </property>
	<property name="created_date" type="java.util.Date" unique="false" optimistic-lock="true" lazy="false" generated="never">
      <column name="CREATED_DATE" sql-type="DATE" not-null="false" />
    </property>
	 <property name="updated_date" type="java.util.Date" unique="false" optimistic-lock="true" lazy="false" generated="never">
      <column name="UPDATED_DATE" sql-type="DATE" not-null="false" />
    </property>
   </class>
</hibernate-mapping>