<?xml version="1.0" encoding="utf-8"?>
<!DOCTYPE hibernate-mapping PUBLIC "-//Hibernate/Hibernate Mapping DTD 3.0//EN" "http://hibernate.sourceforge.net/hibernate-mapping-3.0.dtd"[]>
<hibernate-mapping default-cascade="none" default-access="property" default-lazy="true" auto-import="true">
  <class name="com.citigroup.cgti.c3par.soa.vc.domain.RFCRequest" table="rfc_request" mutable="true" polymorphism="implicit" dynamic-update="false" dynamic-insert="false" select-before-update="false" optimistic-lock="version">
    <meta attribute="class-description" inherit="true">
            A Simple RFC Request business object.
            @author Sivakumar Annavaram</meta>
    
    <id name="id" type="long" unsaved-value="-1">
      <column name="ID" sql-type="number" not-null="true" />
      	<generator class="sequence"> 
			<param name="sequence">seq_rfc_request</param> 
		</generator>
    </id>
    
    <many-to-one name="tiRequest" class="com.citigroup.cgti.c3par.domain.TIRequest" column="TI_REQUEST_ID" unique="true" lazy="false" cascade="none"/>
    
    <many-to-one name="rfcLocationID" class="com.citigroup.cgti.c3par.connection.domain.ConnectionFWLocation" column="LOCATION_ID" unique="true" lazy="false" cascade="none"/>
    
    <many-to-one name="proxyLocationID" class="com.citigroup.cgti.c3par.common.domain.ProxyLocation" column="PROXY_LOCATION_ID" unique="true" lazy="false" cascade="none"/>
    
    <property name="rfcId" type="java.lang.String" unique="false" optimistic-lock="true" lazy="false" generated="never">
      <column name="rfc_id" sql-type="varchar2(50)" not-null="false" />
    </property>
    
	<property name="created_date" type="java.util.Date" unique="false" optimistic-lock="true" lazy="false" generated="never">
      <column name="CREATED_DATE" sql-type="DATE" not-null="false" />
    </property>
    
	 <property name="updated_date" type="java.util.Date" unique="false" optimistic-lock="true" lazy="false" generated="never">
      <column name="UPDATED_DATE" sql-type="DATE" not-null="false" />
    </property>
    
     <property name="rfcRequestType" type="java.lang.String" unique="false" optimistic-lock="true" lazy="false" generated="never">
      <column name="RFC_TYPE" sql-type="varchar2(50)" not-null="false" />
    </property>
    
     <property name="rfcRequestStatus" type="java.lang.String" unique="false" optimistic-lock="true" lazy="false" generated="never">
      <column name="RFC_REQ_STATUS" sql-type="varchar2(50)" not-null="false" />
    </property>
    
    <property name="create_type" type="java.lang.String" unique="false" optimistic-lock="true" lazy="false" generated="never">
      <column name="CREATE_TYPE" sql-type="varchar2(50)" not-null="false" />
    </property>
    
    <property name="rfcErrorCode" type="java.lang.String" unique="false" optimistic-lock="true" lazy="false" generated="never">
      <column name="RFC_REQ_ERROR_CODE" sql-type="varchar2(50)" not-null="false" />
    </property>
    
    <property name="isIpReg" type="java.lang.String" unique="false" optimistic-lock="true" lazy="false" generated="never">
      <column name="IS_IPREG" sql-type="varchar2(1)" not-null="false" />
    </property>
    
    <property name="requestType" type="java.lang.String" unique="false" optimistic-lock="true" lazy="false" generated="never">
      <column name="REQUEST_TYPE" sql-type="VARCHAR2(10)" not-null="false" />
    </property>
    
  </class>
</hibernate-mapping>