<?xml version="1.0" encoding="utf-8"?>
<!DOCTYPE hibernate-mapping PUBLIC "-//Hibernate/Hibernate Mapping DTD 3.0//EN" "http://hibernate.sourceforge.net/hibernate-mapping-3.0.dtd"[]>
<hibernate-mapping default-cascade="none"
	default-access="property" default-lazy="true" auto-import="true">
	<class name="com.citigroup.cgti.c3par.fw.domain.RiskDefinition"
		table="RISK_DEFINITION" mutable="true" polymorphism="implicit"
		dynamic-update="false" dynamic-insert="false" select-before-update="false"
		optimistic-lock="version">
		<meta attribute="class-description" inherit="true">
			business object.
            </meta>
		<id name="id" type="long" unsaved-value="-1">
			<column name="ID" sql-type="number" not-null="true" />
			<generator class="sequence">
				<param name="sequence">SEQ_RISK_DEFINITION</param>
			</generator>
		</id>
		<property name="riskCode" type="java.lang.String" unique="false"
			optimistic-lock="true" lazy="false" generated="never">
			<column name="RISK_CODE" not-null="false" />
		</property>
		<property name="riskDescription" type="java.lang.String" unique="false"
			optimistic-lock="true" lazy="false" generated="never">
			<column name="RISK_DESCRIPTION" not-null="false" />
		</property>
		<many-to-one name="questionnaire"
			class="com.citigroup.cgti.c3par.fw.domain.OstiaQuestionnaire">
			<column name="QUESTIONNAIRE_ID" />
		</many-to-one>
		<bag name="ostiaQuestions" table="OSTIA_QUESTION" lazy="true" order-by="id desc"
		 cascade="save-update">
			<key>
				<column name="RISK_DEFINITION_ID" not-null="true" />
			</key>
			<one-to-many
				class="com.citigroup.cgti.c3par.fw.domain.OstiaQuestion" />			
		</bag>
		<property name="created_date" type="java.util.Date" unique="false" optimistic-lock="true" lazy="false" generated="never">
	      <column name="CREATED_DATE" sql-type="DATE" not-null="false" />
	    </property>
		<property name="updated_date" type="java.util.Date" unique="false" optimistic-lock="true" lazy="false" generated="never">
	      <column name="UPDATED_DATE" sql-type="DATE" not-null="false" />
	    </property>
	    <property name="riskRating" type="java.lang.Double" unique="false" optimistic-lock="true" lazy="false" generated="never">
	      <column name="RISK_RATING" not-null="false" />
	    </property>
	</class>
</hibernate-mapping>
