<?xml version="1.0"?>
<!DOCTYPE hibernate-mapping PUBLIC "-//Hibernate/Hibernate Mapping DTD 3.0//EN"
"http://hibernate.sourceforge.net/hibernate-mapping-3.0.dtd">
<hibernate-mapping>
	<class name="com.citigroup.cgti.c3par.user.domain.SecurityRole"
		table="SECURITY_ROLE" batch-size="5">
		
		<id name="id" type="java.lang.Long">
			<column name="ID" not-null="true" />
		</id>
		<property name="name" type="java.lang.String">
	      	<column name="NAME" not-null="false" />
	    </property>
		<property name="displayName" type="java.lang.String">
	      	<column name="DISPLAY_NAME" not-null="false" />
	    </property>
	</class>
	
</hibernate-mapping>
